Time,Driver,DriverNumber,LapTime,LapNumber,Stint,PitOutTime,PitInTime,IsPersonalBest,Compound,TyreLife,FreshTyre,Team,TrackStatus,Position,IsAccurate,RoundNumber,EventName,IsSlick,CompoundName,IsValid,DeltaToRep,PctFromRep,DeltaToFastest,PctFromFastest,DeltaToLapRep,PctFromLapRep,FuelAdjLapTime
0 days 00:46:50.347000,HAM,44,,1.0,1.0,,,False,MEDIUM,7.0,False,Ferrari,1,1.0,False,2,Chinese Grand Prix,True,C3,False,,,,,,,
0 days 00:48:25.746000,HAM,44,95.399,2.0,1.0,,,True,MEDIUM,8.0,False,Ferrari,1,1.0,True,2,Chinese Grand Prix,True,C3,True,-2.684,-2.736,0.0,0.0,-2.021,-2.075,95.45700000000001
0 days 00:50:01.897000,HAM,44,96.151,3.0,1.0,,,False,MEDIUM,9.0,False,Ferrari,1,1.0,True,2,Chinese Grand Prix,True,C3,True,-1.932,-1.97,0.752,0.788,-0.967,-0.996,96.267
0 days 00:51:37.961000,HAM,44,96.064,4.0,1.0,,,False,MEDIUM,10.0,False,Ferrari,1,1.0,True,2,Chinese Grand Prix,True,C3,True,-2.019,-2.058,0.665,0.697,-0.871,-0.899,96.238
0 days 00:53:14.645000,HAM,44,96.684,5.0,1.0,,,False,MEDIUM,11.0,False,Ferrari,1,1.0,True,2,Chinese Grand Prix,True,C3,True,-1.399,-1.426,1.285,1.347,-0.902,-0.924,96.916
0 days 00:54:50.994000,HAM,44,96.349,6.0,1.0,,,False,MEDIUM,12.0,False,Ferrari,1,1.0,True,2,Chinese Grand Prix,True,C3,True,-1.734,-1.768,0.95,0.996,-1.205,-1.235,96.638
0 days 00:56:27.611000,HAM,44,96.617,7.0,1.0,,,False,MEDIUM,13.0,False,Ferrari,1,1.0,True,2,Chinese Grand Prix,True,C3,True,-1.466,-1.495,1.218,1.277,-0.689,-0.708,96.964
0 days 00:58:03.614000,HAM,44,96.003,8.0,1.0,,,False,MEDIUM,14.0,False,Ferrari,1,1.0,True,2,Chinese Grand Prix,True,C3,True,-2.08,-2.121,0.604,0.633,-1.571,-1.61,96.408
0 days 00:59:40.555000,HAM,44,96.941,9.0,1.0,,,False,MEDIUM,15.0,False,Ferrari,1,1.0,True,2,Chinese Grand Prix,True,C3,True,-1.142,-1.164,1.542,1.616,-1.185,-1.208,97.404
0 days 01:01:17.427000,HAM,44,96.872,10.0,1.0,,,False,MEDIUM,16.0,False,Ferrari,1,1.0,True,2,Chinese Grand Prix,True,C3,True,-1.211,-1.235,1.473,1.544,-1.256,-1.28,97.393
0 days 01:02:54.129000,HAM,44,96.702,11.0,1.0,,,False,MEDIUM,17.0,False,Ferrari,1,1.0,True,2,Chinese Grand Prix,True,C3,True,-1.381,-1.408,1.303,1.366,-1.564,-1.592,97.28099999999999
0 days 01:04:31.055000,HAM,44,96.926,12.0,1.0,,,False,MEDIUM,18.0,False,Ferrari,1,1.0,True,2,Chinese Grand Prix,True,C3,True,-1.157,-1.18,1.527,1.601,-1.4,-1.424,97.563
0 days 01:06:08.421000,HAM,44,97.366,13.0,1.0,,,False,MEDIUM,19.0,False,Ferrari,1,1.0,True,2,Chinese Grand Prix,True,C3,True,-0.717,-0.731,1.967,2.062,-1.218,-1.235,98.06099999999999
0 days 01:07:45.928000,HAM,44,97.507,14.0,1.0,,,False,MEDIUM,20.0,False,Ferrari,1,1.0,True,2,Chinese Grand Prix,True,C3,True,-0.576,-0.587,2.108,2.21,-1.528,-1.543,98.26
0 days 01:09:23.958000,HAM,44,98.03,15.0,1.0,,,False,MEDIUM,21.0,False,Ferrari,1,1.0,True,2,Chinese Grand Prix,True,C3,True,-0.053,-0.054,2.631,2.758,-1.112,-1.122,98.84100000000001
0 days 01:11:01.587000,HAM,44,97.629,16.0,1.0,,,False,MEDIUM,22.0,False,Ferrari,1,1.0,True,2,Chinese Grand Prix,True,C3,True,-0.454,-0.463,2.23,2.338,-1.305,-1.319,98.497
0 days 01:12:39.198000,HAM,44,97.611,17.0,1.0,,,False,MEDIUM,23.0,False,Ferrari,1,1.0,True,2,Chinese Grand Prix,True,C3,True,-0.472,-0.481,2.212,2.319,-1.616,-1.629,98.537
0 days 01:14:16.547000,HAM,44,97.349,18.0,1.0,,,False,MEDIUM,24.0,False,Ferrari,1,1.0,True,2,Chinese Grand Prix,True,C3,True,-0.734,-0.748,1.95,2.044,-1.874,-1.889,98.333
0 days 01:15:53.679000,HAM,44,97.132,19.0,1.0,,,False,MEDIUM,25.0,False,Ferrari,1,1.0,True,2,Chinese Grand Prix,True,C3,True,-0.951,-0.97,1.733,1.817,-2.035,-2.052,98.174
0 days 00:46:51.118000,VER,1,,1.0,1.0,,,False,MEDIUM,4.0,False,Red Bull Racing,1,2.0,False,2,Chinese Grand Prix,True,C3,False,,,,,,,
0 days 00:48:26.863000,VER,1,95.745,2.0,1.0,,,True,MEDIUM,5.0,False,Red Bull Racing,1,2.0,True,2,Chinese Grand Prix,True,C3,True,-2.338,-2.384,0.346,0.363,-1.675,-1.719,95.80300000000001
0 days 00:50:02.860000,VER,1,95.997,3.0,1.0,,,False,MEDIUM,6.0,False,Red Bull Racing,1,2.0,True,2,Chinese Grand Prix,True,C3,True,-2.086,-2.127,0.598,0.627,-1.121,-1.154,96.113
0 days 00:51:38.943000,VER,1,96.083,4.0,1.0,,,False,MEDIUM,7.0,False,Red Bull Racing,1,2.0,True,2,Chinese Grand Prix,True,C3,True,-2.0,-2.039,0.684,0.717,-0.852,-0.879,96.257
0 days 00:53:15.671000,VER,1,96.728,5.0,1.0,,,False,MEDIUM,8.0,False,Red Bull Racing,1,2.0,True,2,Chinese Grand Prix,True,C3,True,-1.355,-1.381,1.329,1.393,-0.858,-0.879,96.96
0 days 00:54:52.334000,VER,1,96.663,6.0,1.0,,,False,MEDIUM,9.0,False,Red Bull Racing,1,2.0,True,2,Chinese Grand Prix,True,C3,True,-1.42,-1.448,1.264,1.325,-0.891,-0.913,96.952
0 days 00:56:28.277000,VER,1,95.943,7.0,1.0,,,False,MEDIUM,10.0,False,Red Bull Racing,1,2.0,True,2,Chinese Grand Prix,True,C3,True,-2.14,-2.182,0.544,0.57,-1.363,-1.401,96.28999999999999
0 days 00:58:04.232000,VER,1,95.955,8.0,1.0,,,False,MEDIUM,11.0,False,Red Bull Racing,1,2.0,True,2,Chinese Grand Prix,True,C3,True,-2.128,-2.17,0.556,0.583,-1.619,-1.659,96.36
0 days 00:59:41.676000,VER,1,97.444,9.0,1.0,,,False,MEDIUM,12.0,False,Red Bull Racing,1,2.0,True,2,Chinese Grand Prix,True,C3,True,-0.639,-0.651,2.045,2.144,-0.682,-0.695,97.907
0 days 01:01:18.726000,VER,1,97.05,10.0,1.0,,,False,MEDIUM,13.0,False,Red Bull Racing,1,2.0,True,2,Chinese Grand Prix,True,C3,True,-1.033,-1.053,1.651,1.731,-1.078,-1.099,97.571
0 days 01:02:55.585000,VER,1,96.859,11.0,1.0,,,False,MEDIUM,14.0,False,Red Bull Racing,1,2.0,True,2,Chinese Grand Prix,True,C3,True,-1.224,-1.248,1.46,1.53,-1.407,-1.432,97.43799999999999
0 days 01:04:32.824000,VER,1,97.239,12.0,1.0,,,False,MEDIUM,15.0,False,Red Bull Racing,1,2.0,True,2,Chinese Grand Prix,True,C3,True,-0.844,-0.86,1.84,1.929,-1.087,-1.106,97.876
0 days 01:06:10.305000,VER,1,97.481,13.0,1.0,,,False,MEDIUM,16.0,False,Red Bull Racing,1,2.0,True,2,Chinese Grand Prix,True,C3,True,-0.602,-0.614,2.082,2.182,-1.103,-1.119,98.17599999999999
0 days 01:07:48.028000,VER,1,97.723,14.0,1.0,,,False,MEDIUM,17.0,False,Red Bull Racing,1,2.0,True,2,Chinese Grand Prix,True,C3,True,-0.36,-0.367,2.324,2.436,-1.312,-1.325,98.476
0 days 01:09:27.200000,VER,1,99.172,15.0,1.0,,,False,MEDIUM,18.0,False,Red Bull Racing,1,3.0,True,2,Chinese Grand Prix,True,C3,True,1.089,1.11,3.773,3.955,0.03,0.03,99.983
0 days 01:11:06.825000,VER,1,99.625,16.0,1.0,,,False,MEDIUM,19.0,False,Red Bull Racing,1,3.0,True,2,Chinese Grand Prix,True,C3,True,1.542,1.572,4.226,4.43,0.691,0.698,100.493
0 days 01:12:45.988000,VER,1,99.163,17.0,1.0,,,False,MEDIUM,20.0,False,Red Bull Racing,1,3.0,True,2,Chinese Grand Prix,True,C3,True,1.08,1.101,3.764,3.946,-0.064,-0.064,100.089
0 days 01:14:25.090000,VER,1,99.102,18.0,1.0,,,False,MEDIUM,21.0,False,Red Bull Racing,1,3.0,True,2,Chinese Grand Prix,True,C3,True,1.019,1.039,3.703,3.882,-0.121,-0.122,100.086
0 days 01:16:03.483000,VER,1,98.393,19.0,1.0,,,False,MEDIUM,22.0,False,Red Bull Racing,1,3.0,True,2,Chinese Grand Prix,True,C3,True,0.31,0.316,2.994,3.138,-0.774,-0.781,99.435
0 days 00:46:52.437000,PIA,81,,1.0,1.0,,,False,MEDIUM,5.0,False,McLaren,1,3.0,False,2,Chinese Grand Prix,True,C3,False,,,,,,,
0 days 00:48:28.523000,PIA,81,96.086,2.0,1.0,,,True,MEDIUM,6.0,False,McLaren,1,3.0,True,2,Chinese Grand Prix,True,C3,True,-1.997,-2.036,0.687,0.72,-1.334,-1.369,96.144
0 days 00:50:04.639000,PIA,81,96.116,3.0,1.0,,,False,MEDIUM,7.0,False,McLaren,1,3.0,True,2,Chinese Grand Prix,True,C3,True,-1.967,-2.005,0.717,0.752,-1.002,-1.032,96.232
0 days 00:51:40.532000,PIA,81,95.893,4.0,1.0,,,True,MEDIUM,8.0,False,McLaren,1,3.0,True,2,Chinese Grand Prix,True,C3,True,-2.19,-2.233,0.494,0.518,-1.042,-1.075,96.06700000000001
0 days 00:53:16.881000,PIA,81,96.349,5.0,1.0,,,False,MEDIUM,9.0,False,McLaren,1,3.0,True,2,Chinese Grand Prix,True,C3,True,-1.734,-1.768,0.95,0.996,-1.237,-1.268,96.581
0 days 00:54:53.197000,PIA,81,96.316,6.0,1.0,,,False,MEDIUM,10.0,False,McLaren,1,3.0,True,2,Chinese Grand Prix,True,C3,True,-1.767,-1.802,0.917,0.961,-1.238,-1.269,96.605
0 days 00:56:29.051000,PIA,81,95.854,7.0,1.0,,,True,MEDIUM,11.0,False,McLaren,1,3.0,True,2,Chinese Grand Prix,True,C3,True,-2.229,-2.273,0.455,0.477,-1.452,-1.492,96.201
0 days 00:58:05.717000,PIA,81,96.666,8.0,1.0,,,False,MEDIUM,12.0,False,McLaren,1,3.0,True,2,Chinese Grand Prix,True,C3,True,-1.417,-1.445,1.267,1.328,-0.908,-0.931,97.071
0 days 00:59:42.874000,PIA,81,97.157,9.0,1.0,,,False,MEDIUM,13.0,False,McLaren,1,3.0,True,2,Chinese Grand Prix,True,C3,True,-0.926,-0.944,1.758,1.843,-0.969,-0.988,97.61999999999999
0 days 01:01:19.273000,PIA,81,96.399,10.0,1.0,,,False,MEDIUM,14.0,False,McLaren,1,3.0,True,2,Chinese Grand Prix,True,C3,True,-1.684,-1.717,1.0,1.048,-1.729,-1.762,96.92
0 days 01:02:56.124000,PIA,81,96.851,11.0,1.0,,,False,MEDIUM,15.0,False,McLaren,1,3.0,True,2,Chinese Grand Prix,True,C3,True,-1.232,-1.256,1.452,1.522,-1.415,-1.44,97.42999999999999
0 days 01:04:33.450000,PIA,81,97.326,12.0,1.0,,,False,MEDIUM,16.0,False,McLaren,1,3.0,True,2,Chinese Grand Prix,True,C3,True,-0.757,-0.772,1.927,2.02,-1.0,-1.017,97.963
0 days 01:06:10.662000,PIA,81,97.212,13.0,1.0,,,False,MEDIUM,17.0,False,McLaren,1,3.0,True,2,Chinese Grand Prix,True,C3,True,-0.871,-0.888,1.813,1.9,-1.372,-1.392,97.907
0 days 01:07:48.514000,PIA,81,97.852,14.0,1.0,,,False,MEDIUM,18.0,False,McLaren,1,3.0,True,2,Chinese Grand Prix,True,C3,True,-0.231,-0.236,2.453,2.571,-1.183,-1.195,98.605
0 days 01:09:26.631000,PIA,81,98.117,15.0,1.0,,,False,MEDIUM,19.0,False,McLaren,1,2.0,True,2,Chinese Grand Prix,True,C3,True,0.034,0.035,2.718,2.849,-1.025,-1.034,98.92800000000001
0 days 01:11:05.372000,PIA,81,98.741,16.0,1.0,,,False,MEDIUM,20.0,False,McLaren,1,2.0,True,2,Chinese Grand Prix,True,C3,True,0.658,0.671,3.342,3.503,-0.193,-0.195,99.609
0 days 01:12:44.120000,PIA,81,98.748,17.0,1.0,,,False,MEDIUM,21.0,False,McLaren,1,2.0,True,2,Chinese Grand Prix,True,C3,True,0.665,0.678,3.349,3.511,-0.479,-0.483,99.674
0 days 01:14:22.732000,PIA,81,98.612,18.0,1.0,,,False,MEDIUM,22.0,False,McLaren,1,2.0,True,2,Chinese Grand Prix,True,C3,True,0.529,0.539,3.213,3.368,-0.611,-0.616,99.59599999999999
0 days 01:16:00.568000,PIA,81,97.836,19.0,1.0,,,False,MEDIUM,23.0,False,McLaren,1,2.0,True,2,Chinese Grand Prix,True,C3,True,-0.247,-0.252,2.437,2.555,-1.331,-1.342,98.878
0 days 00:46:54.007000,LEC,16,,1.0,1.0,,,False,MEDIUM,7.0,False,Ferrari,1,5.0,False,2,Chinese Grand Prix,True,C3,False,,,,,,,
0 days 00:48:30.902000,LEC,16,96.895,2.0,1.0,,,True,MEDIUM,8.0,False,Ferrari,1,5.0,True,2,Chinese Grand Prix,True,C3,True,-1.188,-1.211,1.496,1.568,-0.525,-0.539,96.953
0 days 00:50:07.194000,LEC,16,96.292,3.0,1.0,,,True,MEDIUM,9.0,False,Ferrari,1,5.0,True,2,Chinese Grand Prix,True,C3,True,-1.791,-1.826,0.893,0.936,-0.826,-0.851,96.408
0 days 00:51:43.449000,LEC,16,96.255,4.0,1.0,,,True,MEDIUM,10.0,False,Ferrari,1,5.0,True,2,Chinese Grand Prix,True,C3,True,-1.828,-1.864,0.856,0.897,-0.68,-0.702,96.429
0 days 00:53:19.973000,LEC,16,96.524,5.0,1.0,,,False,MEDIUM,11.0,False,Ferrari,1,5.0,True,2,Chinese Grand Prix,True,C3,True,-1.559,-1.589,1.125,1.179,-1.062,-1.088,96.756
0 days 00:54:56.317000,LEC,16,96.344,6.0,1.0,,,False,MEDIUM,12.0,False,Ferrari,1,5.0,True,2,Chinese Grand Prix,True,C3,True,-1.739,-1.773,0.945,0.991,-1.21,-1.24,96.633
0 days 00:56:32.960000,LEC,16,96.643,7.0,1.0,,,False,MEDIUM,13.0,False,Ferrari,1,5.0,True,2,Chinese Grand Prix,True,C3,True,-1.44,-1.468,1.244,1.304,-0.663,-0.681,96.99
0 days 00:58:09.974000,LEC,16,97.014,8.0,1.0,,,False,MEDIUM,14.0,False,Ferrari,1,5.0,True,2,Chinese Grand Prix,True,C3,True,-1.069,-1.09,1.615,1.693,-0.56,-0.574,97.419
0 days 00:59:47.262000,LEC,16,97.288,9.0,1.0,,,False,MEDIUM,15.0,False,Ferrari,1,5.0,True,2,Chinese Grand Prix,True,C3,True,-0.795,-0.811,1.889,1.98,-0.838,-0.854,97.75099999999999
0 days 01:01:24.892000,LEC,16,97.63,10.0,1.0,,,False,MEDIUM,16.0,False,Ferrari,1,5.0,True,2,Chinese Grand Prix,True,C3,True,-0.453,-0.462,2.231,2.339,-0.498,-0.508,98.151
0 days 01:03:02.913000,LEC,16,98.021,11.0,1.0,,,False,MEDIUM,17.0,False,Ferrari,1,5.0,True,2,Chinese Grand Prix,True,C3,True,-0.062,-0.063,2.622,2.748,-0.245,-0.249,98.6
0 days 01:04:41.139000,LEC,16,98.226,12.0,1.0,,,False,MEDIUM,18.0,False,Ferrari,1,5.0,True,2,Chinese Grand Prix,True,C3,True,0.143,0.146,2.827,2.963,-0.1,-0.102,98.863
0 days 01:06:18.964000,LEC,16,97.825,13.0,1.0,,,False,MEDIUM,19.0,False,Ferrari,1,5.0,True,2,Chinese Grand Prix,True,C3,True,-0.258,-0.263,2.426,2.543,-0.759,-0.77,98.52
0 days 01:07:56.231000,LEC,16,97.267,14.0,1.0,,,False,MEDIUM,20.0,False,Ferrari,1,5.0,True,2,Chinese Grand Prix,True,C3,True,-0.816,-0.832,1.868,1.958,-1.768,-1.785,98.02
0 days 01:09:33.526000,LEC,16,97.295,15.0,1.0,,,False,MEDIUM,21.0,False,Ferrari,1,5.0,True,2,Chinese Grand Prix,True,C3,True,-0.788,-0.803,1.896,1.987,-1.847,-1.863,98.10600000000001
0 days 01:11:11.159000,LEC,16,97.633,16.0,1.0,,,False,MEDIUM,22.0,False,Ferrari,1,5.0,True,2,Chinese Grand Prix,True,C3,True,-0.45,-0.459,2.234,2.342,-1.301,-1.315,98.50099999999999
0 days 01:12:48.499000,LEC,16,97.34,17.0,1.0,,,False,MEDIUM,23.0,False,Ferrari,1,5.0,True,2,Chinese Grand Prix,True,C3,True,-0.743,-0.758,1.941,2.035,-1.887,-1.902,98.266
0 days 01:14:26.783000,LEC,16,98.284,18.0,1.0,,,False,MEDIUM,24.0,False,Ferrari,1,5.0,True,2,Chinese Grand Prix,True,C3,True,0.201,0.205,2.885,3.024,-0.939,-0.946,99.268
0 days 01:16:05.869000,LEC,16,99.086,19.0,1.0,,,False,MEDIUM,25.0,False,Ferrari,1,5.0,True,2,Chinese Grand Prix,True,C3,True,1.003,1.023,3.687,3.865,-0.081,-0.082,100.128
0 days 00:46:53.660000,RUS,63,,1.0,1.0,,,False,MEDIUM,9.0,False,Mercedes,1,4.0,False,2,Chinese Grand Prix,True,C3,False,,,,,,,
0 days 00:48:30.092000,RUS,63,96.432,2.0,1.0,,,True,MEDIUM,10.0,False,Mercedes,1,4.0,True,2,Chinese Grand Prix,True,C3,True,-1.651,-1.683,1.033,1.083,-0.988,-1.014,96.49000000000001
0 days 00:50:06.137000,RUS,63,96.045,3.0,1.0,,,True,MEDIUM,11.0,False,Mercedes,1,4.0,True,2,Chinese Grand Prix,True,C3,True,-2.038,-2.078,0.646,0.677,-1.073,-1.105,96.161
0 days 00:51:42.028000,RUS,63,95.891,4.0,1.0,,,True,MEDIUM,12.0,False,Mercedes,1,4.0,True,2,Chinese Grand Prix,True,C3,True,-2.192,-2.235,0.492,0.516,-1.044,-1.077,96.06500000000001
0 days 00:53:18.422000,RUS,63,96.394,5.0,1.0,,,False,MEDIUM,13.0,False,Mercedes,1,4.0,True,2,Chinese Grand Prix,True,C3,True,-1.689,-1.722,0.995,1.043,-1.192,-1.221,96.626
0 days 00:54:54.783000,RUS,63,96.361,6.0,1.0,,,False,MEDIUM,14.0,False,Mercedes,1,4.0,True,2,Chinese Grand Prix,True,C3,True,-1.722,-1.756,0.962,1.008,-1.193,-1.223,96.65
0 days 00:56:31.436000,RUS,63,96.653,7.0,1.0,,,False,MEDIUM,15.0,False,Mercedes,1,4.0,True,2,Chinese Grand Prix,True,C3,True,-1.43,-1.458,1.254,1.314,-0.653,-0.671,97.0
0 days 00:58:08.155000,RUS,63,96.719,8.0,1.0,,,False,MEDIUM,16.0,False,Mercedes,1,4.0,True,2,Chinese Grand Prix,True,C3,True,-1.364,-1.391,1.32,1.384,-0.855,-0.876,97.124
0 days 00:59:45.104000,RUS,63,96.949,9.0,1.0,,,False,MEDIUM,17.0,False,Mercedes,1,4.0,True,2,Chinese Grand Prix,True,C3,True,-1.134,-1.156,1.55,1.625,-1.177,-1.199,97.41199999999999
0 days 01:01:22.427000,RUS,63,97.323,10.0,1.0,,,False,MEDIUM,18.0,False,Mercedes,1,4.0,True,2,Chinese Grand Prix,True,C3,True,-0.76,-0.775,1.924,2.017,-0.805,-0.82,97.844
0 days 01:03:00.180000,RUS,63,97.753,11.0,1.0,,,False,MEDIUM,19.0,False,Mercedes,1,4.0,True,2,Chinese Grand Prix,True,C3,True,-0.33,-0.336,2.354,2.468,-0.513,-0.522,98.332
0 days 01:04:37.868000,RUS,63,97.688,12.0,1.0,,,False,MEDIUM,20.0,False,Mercedes,1,4.0,True,2,Chinese Grand Prix,True,C3,True,-0.395,-0.403,2.289,2.399,-0.638,-0.649,98.325
0 days 01:06:15.310000,RUS,63,97.442,13.0,1.0,,,False,MEDIUM,21.0,False,Mercedes,1,4.0,True,2,Chinese Grand Prix,True,C3,True,-0.641,-0.654,2.043,2.142,-1.142,-1.158,98.13699999999999
0 days 01:07:53.351000,RUS,63,98.041,14.0,1.0,,,False,MEDIUM,22.0,False,Mercedes,1,4.0,True,2,Chinese Grand Prix,True,C3,True,-0.042,-0.043,2.642,2.769,-0.994,-1.004,98.794
0 days 01:09:31.655000,RUS,63,98.304,15.0,1.0,,,False,MEDIUM,23.0,False,Mercedes,1,4.0,True,2,Chinese Grand Prix,True,C3,True,0.221,0.225,2.905,3.045,-0.838,-0.845,99.11500000000001
0 days 01:11:09.738000,RUS,63,98.083,16.0,1.0,,,False,MEDIUM,24.0,False,Mercedes,1,4.0,True,2,Chinese Grand Prix,True,C3,True,0.0,0.0,2.684,2.813,-0.851,-0.86,98.951
0 days 01:12:47.924000,RUS,63,98.186,17.0,1.0,,,False,MEDIUM,25.0,False,Mercedes,1,4.0,True,2,Chinese Grand Prix,True,C3,True,0.103,0.105,2.787,2.921,-1.041,-1.049,99.11200000000001
0 days 01:14:26.237000,RUS,63,98.313,18.0,1.0,,,False,MEDIUM,26.0,False,Mercedes,1,4.0,True,2,Chinese Grand Prix,True,C3,True,0.23,0.234,2.914,3.055,-0.91,-0.917,99.297
0 days 01:16:05.271000,RUS,63,99.034,19.0,1.0,,,False,MEDIUM,27.0,False,Mercedes,1,4.0,True,2,Chinese Grand Prix,True,C3,True,0.951,0.97,3.635,3.81,-0.133,-0.134,100.07600000000001
0 days 00:46:56.450000,NOR,4,,1.0,1.0,,,False,MEDIUM,4.0,False,McLaren,1,9.0,False,2,Chinese Grand Prix,True,C3,False,,,,,,,
0 days 00:48:33.328000,NOR,4,96.878,2.0,1.0,,,True,MEDIUM,5.0,False,McLaren,1,9.0,True,2,Chinese Grand Prix,True,C3,True,-1.205,-1.229,1.479,1.55,-0.542,-0.556,96.936
0 days 00:50:10.429000,NOR,4,97.101,3.0,1.0,,,False,MEDIUM,6.0,False,McLaren,1,9.0,True,2,Chinese Grand Prix,True,C3,True,-0.982,-1.001,1.702,1.784,-0.017,-0.018,97.217
0 days 00:51:47.137000,NOR,4,96.708,4.0,1.0,,,True,MEDIUM,7.0,False,McLaren,1,9.0,True,2,Chinese Grand Prix,True,C3,True,-1.375,-1.402,1.309,1.372,-0.227,-0.234,96.882
0 days 00:53:24.674000,NOR,4,97.537,5.0,1.0,,,False,MEDIUM,8.0,False,McLaren,1,9.0,True,2,Chinese Grand Prix,True,C3,True,-0.546,-0.557,2.138,2.241,-0.049,-0.05,97.769
0 days 00:55:01.753000,NOR,4,97.079,6.0,1.0,,,False,MEDIUM,9.0,False,McLaren,1,9.0,True,2,Chinese Grand Prix,True,C3,True,-1.004,-1.024,1.68,1.761,-0.475,-0.487,97.368
0 days 00:56:38.851000,NOR,4,97.098,7.0,1.0,,,False,MEDIUM,10.0,False,McLaren,1,9.0,True,2,Chinese Grand Prix,True,C3,True,-0.985,-1.004,1.699,1.781,-0.208,-0.214,97.445
0 days 00:58:16.113000,NOR,4,97.262,8.0,1.0,,,False,MEDIUM,11.0,False,McLaren,1,9.0,True,2,Chinese Grand Prix,True,C3,True,-0.821,-0.837,1.863,1.953,-0.312,-0.32,97.667
0 days 00:59:53.995000,NOR,4,97.882,9.0,1.0,,,False,MEDIUM,12.0,False,McLaren,1,9.0,True,2,Chinese Grand Prix,True,C3,True,-0.201,-0.205,2.483,2.603,-0.244,-0.249,98.345
0 days 01:01:31.864000,NOR,4,97.869,10.0,1.0,,,False,MEDIUM,13.0,False,McLaren,1,9.0,True,2,Chinese Grand Prix,True,C3,True,-0.214,-0.218,2.47,2.589,-0.259,-0.264,98.39
0 days 01:03:10.091000,NOR,4,98.227,11.0,1.0,,,False,MEDIUM,14.0,False,McLaren,1,9.0,True,2,Chinese Grand Prix,True,C3,True,0.144,0.147,2.828,2.964,-0.039,-0.04,98.806
0 days 01:04:47.711000,NOR,4,97.62,12.0,1.0,,,False,MEDIUM,15.0,False,McLaren,1,9.0,True,2,Chinese Grand Prix,True,C3,True,-0.463,-0.472,2.221,2.328,-0.706,-0.718,98.257
0 days 01:06:25.648000,NOR,4,97.937,13.0,1.0,,,False,MEDIUM,16.0,False,McLaren,1,9.0,True,2,Chinese Grand Prix,True,C3,True,-0.146,-0.149,2.538,2.66,-0.647,-0.656,98.63199999999999
0 days 01:08:03.561000,NOR,4,97.913,14.0,1.0,,,False,MEDIUM,17.0,False,McLaren,1,9.0,True,2,Chinese Grand Prix,True,C3,True,-0.17,-0.173,2.514,2.635,-1.122,-1.133,98.666
0 days 01:09:42.545000,NOR,4,98.984,15.0,1.0,,,False,MEDIUM,18.0,False,McLaren,1,9.0,True,2,Chinese Grand Prix,True,C3,True,0.901,0.919,3.585,3.758,-0.158,-0.159,99.795
0 days 01:11:21.307000,NOR,4,98.762,16.0,1.0,,,False,MEDIUM,19.0,False,McLaren,1,9.0,True,2,Chinese Grand Prix,True,C3,True,0.679,0.692,3.363,3.525,-0.172,-0.174,99.63
0 days 01:13:00.029000,NOR,4,98.722,17.0,1.0,,,False,MEDIUM,20.0,False,McLaren,1,8.0,True,2,Chinese Grand Prix,True,C3,True,0.639,0.651,3.323,3.483,-0.505,-0.509,99.648
0 days 01:14:38.453000,NOR,4,98.424,18.0,1.0,,,False,MEDIUM,21.0,False,McLaren,1,8.0,True,2,Chinese Grand Prix,True,C3,True,0.341,0.348,3.025,3.171,-0.799,-0.805,99.408
0 days 01:16:17.150000,NOR,4,98.697,19.0,1.0,,,False,MEDIUM,22.0,False,McLaren,1,8.0,True,2,Chinese Grand Prix,True,C3,True,0.614,0.626,3.298,3.457,-0.47,-0.474,99.739
0 days 00:46:55.209000,ANT,12,,1.0,1.0,,,False,MEDIUM,8.0,False,Mercedes,1,7.0,False,2,Chinese Grand Prix,True,C3,False,,,,,,,
0 days 00:48:32.063000,ANT,12,96.854,2.0,1.0,,,True,MEDIUM,9.0,False,Mercedes,1,7.0,True,2,Chinese Grand Prix,True,C3,True,-1.229,-1.253,1.455,1.525,-0.566,-0.581,96.912
0 days 00:50:08.722000,ANT,12,96.659,3.0,1.0,,,True,MEDIUM,10.0,False,Mercedes,1,7.0,True,2,Chinese Grand Prix,True,C3,True,-1.424,-1.452,1.26,1.321,-0.459,-0.473,96.775
0 days 00:51:45.240000,ANT,12,96.518,4.0,1.0,,,True,MEDIUM,11.0,False,Mercedes,1,7.0,True,2,Chinese Grand Prix,True,C3,True,-1.565,-1.596,1.119,1.173,-0.417,-0.43,96.69200000000001
0 days 00:53:21.551000,ANT,12,96.311,5.0,1.0,,,True,MEDIUM,12.0,False,Mercedes,1,7.0,True,2,Chinese Grand Prix,True,C3,True,-1.772,-1.807,0.912,0.956,-1.275,-1.307,96.543
0 days 00:54:58.410000,ANT,12,96.859,6.0,1.0,,,False,MEDIUM,13.0,False,Mercedes,1,7.0,True,2,Chinese Grand Prix,True,C3,True,-1.224,-1.248,1.46,1.53,-0.695,-0.712,97.148
0 days 00:56:35.121000,ANT,12,96.711,7.0,1.0,,,False,MEDIUM,14.0,False,Mercedes,1,7.0,True,2,Chinese Grand Prix,True,C3,True,-1.372,-1.399,1.312,1.375,-0.595,-0.611,97.05799999999999
0 days 00:58:12.380000,ANT,12,97.259,8.0,1.0,,,False,MEDIUM,15.0,False,Mercedes,1,7.0,True,2,Chinese Grand Prix,True,C3,True,-0.824,-0.84,1.86,1.95,-0.315,-0.323,97.664
0 days 00:59:49.698000,ANT,12,97.318,9.0,1.0,,,False,MEDIUM,16.0,False,Mercedes,1,7.0,True,2,Chinese Grand Prix,True,C3,True,-0.765,-0.78,1.919,2.012,-0.808,-0.823,97.78099999999999
0 days 01:01:27.443000,ANT,12,97.745,10.0,1.0,,,False,MEDIUM,17.0,False,Mercedes,1,7.0,True,2,Chinese Grand Prix,True,C3,True,-0.338,-0.345,2.346,2.459,-0.383,-0.39,98.266
0 days 01:03:05.709000,ANT,12,98.266,11.0,1.0,,,False,MEDIUM,18.0,False,Mercedes,1,7.0,True,2,Chinese Grand Prix,True,C3,True,0.183,0.187,2.867,3.005,0.0,0.0,98.845
0 days 01:04:44.015000,ANT,12,98.306,12.0,1.0,,,False,MEDIUM,19.0,False,Mercedes,1,7.0,True,2,Chinese Grand Prix,True,C3,True,0.223,0.227,2.907,3.047,-0.02,-0.02,98.943
0 days 01:06:22.575000,ANT,12,98.56,13.0,1.0,,,False,MEDIUM,20.0,False,Mercedes,1,7.0,True,2,Chinese Grand Prix,True,C3,True,0.477,0.486,3.161,3.313,-0.024,-0.024,99.255
0 days 01:08:01.171000,ANT,12,98.596,14.0,1.0,,,False,MEDIUM,21.0,False,Mercedes,1,7.0,True,2,Chinese Grand Prix,True,C3,True,0.513,0.523,3.197,3.351,-0.439,-0.443,99.349
0 days 01:09:40.166000,ANT,12,98.995,15.0,1.0,,,False,MEDIUM,22.0,False,Mercedes,1,7.0,True,2,Chinese Grand Prix,True,C3,True,0.912,0.93,3.596,3.769,-0.147,-0.148,99.80600000000001
0 days 01:11:19.107000,ANT,12,98.941,16.0,1.0,,,False,MEDIUM,23.0,False,Mercedes,1,7.0,True,2,Chinese Grand Prix,True,C3,True,0.858,0.875,3.542,3.713,0.007,0.007,99.809
0 days 01:12:58.385000,ANT,12,99.278,17.0,1.0,,,False,MEDIUM,24.0,False,Mercedes,1,7.0,True,2,Chinese Grand Prix,True,C3,True,1.195,1.218,3.879,4.066,0.051,0.051,100.20400000000001
0 days 01:14:37.468000,ANT,12,99.083,18.0,1.0,,,False,MEDIUM,25.0,False,Mercedes,1,7.0,True,2,Chinese Grand Prix,True,C3,True,1.0,1.02,3.684,3.862,-0.14,-0.141,100.067
0 days 01:16:16.717000,ANT,12,99.249,19.0,1.0,,,False,MEDIUM,26.0,False,Mercedes,1,7.0,True,2,Chinese Grand Prix,True,C3,True,1.166,1.189,3.85,4.036,0.082,0.083,100.291
0 days 00:46:54.861000,TSU,22,,1.0,1.0,,,False,MEDIUM,4.0,False,Racing Bulls,1,6.0,False,2,Chinese Grand Prix,True,C3,False,,,,,,,
0 days 00:48:31.651000,TSU,22,96.79,2.0,1.0,,,True,MEDIUM,5.0,False,Racing Bulls,1,6.0,True,2,Chinese Grand Prix,True,C3,True,-1.293,-1.318,1.391,1.458,-0.63,-0.647,96.84800000000001
0 days 00:50:08.139000,TSU,22,96.488,3.0,1.0,,,True,MEDIUM,6.0,False,Racing Bulls,1,6.0,True,2,Chinese Grand Prix,True,C3,True,-1.595,-1.626,1.089,1.142,-0.63,-0.649,96.604
0 days 00:51:44.527000,TSU,22,96.388,4.0,1.0,,,True,MEDIUM,7.0,False,Racing Bulls,1,6.0,True,2,Chinese Grand Prix,True,C3,True,-1.695,-1.728,0.989,1.037,-0.547,-0.564,96.56200000000001
0 days 00:53:21.054000,TSU,22,96.527,5.0,1.0,,,False,MEDIUM,8.0,False,Racing Bulls,1,6.0,True,2,Chinese Grand Prix,True,C3,True,-1.556,-1.586,1.128,1.182,-1.059,-1.085,96.759
0 days 00:54:57.904000,TSU,22,96.85,6.0,1.0,,,False,MEDIUM,9.0,False,Racing Bulls,1,6.0,True,2,Chinese Grand Prix,True,C3,True,-1.233,-1.257,1.451,1.521,-0.704,-0.722,97.139
0 days 00:56:34.704000,TSU,22,96.8,7.0,1.0,,,False,MEDIUM,10.0,False,Racing Bulls,1,6.0,True,2,Chinese Grand Prix,True,C3,True,-1.283,-1.308,1.401,1.469,-0.506,-0.52,97.14699999999999
0 days 00:58:11.880000,TSU,22,97.176,8.0,1.0,,,False,MEDIUM,11.0,False,Racing Bulls,1,6.0,True,2,Chinese Grand Prix,True,C3,True,-0.907,-0.925,1.777,1.863,-0.398,-0.408,97.581
0 days 00:59:49.324000,TSU,22,97.444,9.0,1.0,,,False,MEDIUM,12.0,False,Racing Bulls,1,6.0,True,2,Chinese Grand Prix,True,C3,True,-0.639,-0.651,2.045,2.144,-0.682,-0.695,97.907
0 days 01:01:26.966000,TSU,22,97.642,10.0,1.0,,,False,MEDIUM,13.0,False,Racing Bulls,1,6.0,True,2,Chinese Grand Prix,True,C3,True,-0.441,-0.45,2.243,2.351,-0.486,-0.495,98.163
0 days 01:03:05.151000,TSU,22,98.185,11.0,1.0,,,False,MEDIUM,14.0,False,Racing Bulls,1,6.0,True,2,Chinese Grand Prix,True,C3,True,0.102,0.104,2.786,2.92,-0.081,-0.082,98.764
0 days 01:04:43.325000,TSU,22,98.174,12.0,1.0,,,False,MEDIUM,15.0,False,Racing Bulls,1,6.0,True,2,Chinese Grand Prix,True,C3,True,0.091,0.093,2.775,2.909,-0.152,-0.155,98.811
0 days 01:06:21.933000,TSU,22,98.608,13.0,1.0,,,False,MEDIUM,16.0,False,Racing Bulls,1,6.0,True,2,Chinese Grand Prix,True,C3,True,0.525,0.535,3.209,3.364,0.024,0.024,99.303
0 days 01:08:00.572000,TSU,22,98.639,14.0,1.0,,,False,MEDIUM,17.0,False,Racing Bulls,1,6.0,True,2,Chinese Grand Prix,True,C3,True,0.556,0.567,3.24,3.396,-0.396,-0.4,99.392
0 days 01:09:39.665000,TSU,22,99.093,15.0,1.0,,,False,MEDIUM,18.0,False,Racing Bulls,1,6.0,True,2,Chinese Grand Prix,True,C3,True,1.01,1.03,3.694,3.872,-0.049,-0.049,99.90400000000001
0 days 01:11:18.591000,TSU,22,98.926,16.0,1.0,,,False,MEDIUM,19.0,False,Racing Bulls,1,6.0,True,2,Chinese Grand Prix,True,C3,True,0.843,0.859,3.527,3.697,-0.008,-0.008,99.794
0 days 01:12:57.629000,TSU,22,99.038,17.0,1.0,,,False,MEDIUM,20.0,False,Racing Bulls,1,6.0,True,2,Chinese Grand Prix,True,C3,True,0.955,0.974,3.639,3.815,-0.189,-0.19,99.964
0 days 01:14:36.973000,TSU,22,99.344,18.0,1.0,,,False,MEDIUM,21.0,False,Racing Bulls,1,6.0,True,2,Chinese Grand Prix,True,C3,True,1.261,1.286,3.945,4.135,0.121,0.122,100.32799999999999
0 days 01:16:15.967000,TSU,22,98.994,19.0,1.0,,,False,MEDIUM,22.0,False,Racing Bulls,1,6.0,True,2,Chinese Grand Prix,True,C3,True,0.911,0.929,3.595,3.768,-0.173,-0.174,100.036
0 days 00:46:57.272000,ALB,23,,1.0,1.0,,,False,MEDIUM,5.0,False,Williams,1,11.0,False,2,Chinese Grand Prix,True,C3,False,,,,,,,
0 days 00:48:34.815000,ALB,23,97.543,2.0,1.0,,,True,MEDIUM,6.0,False,Williams,1,11.0,True,2,Chinese Grand Prix,True,C3,True,-0.54,-0.551,2.144,2.247,0.123,0.126,97.60100000000001
0 days 00:50:12.162000,ALB,23,97.347,3.0,1.0,,,True,MEDIUM,7.0,False,Williams,1,11.0,True,2,Chinese Grand Prix,True,C3,True,-0.736,-0.75,1.948,2.042,0.229,0.236,97.463
0 days 00:51:49.857000,ALB,23,97.695,4.0,1.0,,,False,MEDIUM,8.0,False,Williams,1,11.0,True,2,Chinese Grand Prix,True,C3,True,-0.388,-0.396,2.296,2.407,0.76,0.784,97.869
0 days 00:53:27.427000,ALB,23,97.57,5.0,1.0,,,False,MEDIUM,9.0,False,Williams,1,11.0,True,2,Chinese Grand Prix,True,C3,True,-0.513,-0.523,2.171,2.276,-0.016,-0.016,97.80199999999999
0 days 00:55:05.027000,ALB,23,97.6,6.0,1.0,,,False,MEDIUM,10.0,False,Williams,1,11.0,True,2,Chinese Grand Prix,True,C3,True,-0.483,-0.492,2.201,2.307,0.046,0.047,97.889
0 days 00:56:42.371000,ALB,23,97.344,7.0,1.0,,,True,MEDIUM,11.0,False,Williams,1,11.0,True,2,Chinese Grand Prix,True,C3,True,-0.739,-0.753,1.945,2.039,0.038,0.039,97.69099999999999
0 days 00:58:20.258000,ALB,23,97.887,8.0,1.0,,,False,MEDIUM,12.0,False,Williams,1,11.0,True,2,Chinese Grand Prix,True,C3,True,-0.196,-0.2,2.488,2.608,0.313,0.321,98.292
0 days 00:59:58.770000,ALB,23,98.512,9.0,1.0,,,False,MEDIUM,13.0,False,Williams,1,11.0,True,2,Chinese Grand Prix,True,C3,True,0.429,0.437,3.113,3.263,0.386,0.393,98.975
0 days 01:01:37.062000,ALB,23,98.292,10.0,1.0,,,False,MEDIUM,14.0,False,Williams,1,11.0,True,2,Chinese Grand Prix,True,C3,True,0.209,0.213,2.893,3.033,0.164,0.167,98.813
0 days 01:03:15.326000,ALB,23,98.264,11.0,1.0,,,False,MEDIUM,15.0,False,Williams,1,11.0,True,2,Chinese Grand Prix,True,C3,True,0.181,0.185,2.865,3.003,-0.002,-0.002,98.84299999999999
0 days 01:04:53.652000,ALB,23,98.326,12.0,1.0,,,False,MEDIUM,16.0,False,Williams,1,11.0,True,2,Chinese Grand Prix,True,C3,True,0.243,0.248,2.927,3.068,0.0,0.0,98.963
0 days 01:06:32.874000,ALB,23,99.222,13.0,1.0,,,False,MEDIUM,17.0,False,Williams,1,11.0,True,2,Chinese Grand Prix,True,C3,True,1.139,1.161,3.823,4.007,0.638,0.647,99.91699999999999
0 days 01:08:12.318000,ALB,23,99.444,14.0,1.0,,,False,MEDIUM,18.0,False,Williams,1,11.0,True,2,Chinese Grand Prix,True,C3,True,1.361,1.388,4.045,4.24,0.409,0.413,100.197
0 days 01:09:52.159000,ALB,23,99.841,15.0,1.0,,,False,MEDIUM,19.0,False,Williams,1,11.0,True,2,Chinese Grand Prix,True,C3,True,1.758,1.792,4.442,4.656,0.699,0.705,100.652
0 days 01:11:32.268000,ALB,23,100.109,16.0,1.0,,,False,MEDIUM,20.0,False,Williams,1,11.0,True,2,Chinese Grand Prix,True,C3,True,2.026,2.066,4.71,4.937,1.175,1.188,100.97699999999999
0 days 01:13:12.340000,ALB,23,100.072,17.0,1.0,,,False,MEDIUM,21.0,False,Williams,1,11.0,True,2,Chinese Grand Prix,True,C3,True,1.989,2.028,4.673,4.898,0.845,0.852,100.998
0 days 01:14:52.905000,ALB,23,100.565,18.0,1.0,,,False,MEDIUM,22.0,False,Williams,1,11.0,True,2,Chinese Grand Prix,True,C3,True,2.482,2.531,5.166,5.415,1.342,1.353,101.54899999999999
0 days 01:16:32.971000,ALB,23,100.066,19.0,1.0,,,False,MEDIUM,23.0,False,Williams,1,11.0,True,2,Chinese Grand Prix,True,C3,True,1.983,2.022,4.667,4.892,0.899,0.907,101.108
0 days 00:46:55.817000,STR,18,,1.0,1.0,,,False,MEDIUM,4.0,False,Aston Martin,1,8.0,False,2,Chinese Grand Prix,True,C3,False,,,,,,,
0 days 00:48:32.791000,STR,18,96.974,2.0,1.0,,,True,MEDIUM,5.0,False,Aston Martin,1,8.0,True,2,Chinese Grand Prix,True,C3,True,-1.109,-1.131,1.575,1.651,-0.446,-0.458,97.03200000000001
0 days 00:50:09.705000,STR,18,96.914,3.0,1.0,,,True,MEDIUM,6.0,False,Aston Martin,1,8.0,True,2,Chinese Grand Prix,True,C3,True,-1.169,-1.192,1.515,1.588,-0.204,-0.21,97.03
0 days 00:51:46.140000,STR,18,96.435,4.0,1.0,,,True,MEDIUM,7.0,False,Aston Martin,1,8.0,True,2,Chinese Grand Prix,True,C3,True,-1.648,-1.68,1.036,1.086,-0.5,-0.516,96.60900000000001
0 days 00:53:23.043000,STR,18,96.903,5.0,1.0,,,False,MEDIUM,8.0,False,Aston Martin,1,8.0,True,2,Chinese Grand Prix,True,C3,True,-1.18,-1.203,1.504,1.577,-0.683,-0.7,97.135
0 days 00:55:00.118000,STR,18,97.075,6.0,1.0,,,False,MEDIUM,9.0,False,Aston Martin,1,8.0,True,2,Chinese Grand Prix,True,C3,True,-1.008,-1.028,1.676,1.757,-0.479,-0.491,97.364
0 days 00:56:37.013000,STR,18,96.895,7.0,1.0,,,False,MEDIUM,10.0,False,Aston Martin,1,8.0,True,2,Chinese Grand Prix,True,C3,True,-1.188,-1.211,1.496,1.568,-0.411,-0.422,97.24199999999999
0 days 00:58:14.149000,STR,18,97.136,8.0,1.0,,,False,MEDIUM,11.0,False,Aston Martin,1,8.0,True,2,Chinese Grand Prix,True,C3,True,-0.947,-0.966,1.737,1.821,-0.438,-0.449,97.541
0 days 00:59:51.469000,STR,18,97.32,9.0,1.0,,,False,MEDIUM,12.0,False,Aston Martin,1,8.0,True,2,Chinese Grand Prix,True,C3,True,-0.763,-0.778,1.921,2.014,-0.806,-0.821,97.78299999999999
0 days 01:01:28.699000,STR,18,97.23,10.0,1.0,,,False,MEDIUM,13.0,False,Aston Martin,1,8.0,True,2,Chinese Grand Prix,True,C3,True,-0.853,-0.87,1.831,1.919,-0.898,-0.915,97.751
0 days 01:03:06.761000,STR,18,98.062,11.0,1.0,,,False,MEDIUM,14.0,False,Aston Martin,1,8.0,True,2,Chinese Grand Prix,True,C3,True,-0.021,-0.021,2.663,2.791,-0.204,-0.208,98.64099999999999
0 days 01:04:44.981000,STR,18,98.22,12.0,1.0,,,False,MEDIUM,15.0,False,Aston Martin,1,8.0,True,2,Chinese Grand Prix,True,C3,True,0.137,0.14,2.821,2.957,-0.106,-0.108,98.857
0 days 01:06:23.422000,STR,18,98.441,13.0,1.0,,,False,MEDIUM,16.0,False,Aston Martin,1,8.0,True,2,Chinese Grand Prix,True,C3,True,0.358,0.365,3.042,3.189,-0.143,-0.145,99.136
0 days 01:08:02.398000,STR,18,98.976,14.0,1.0,,,False,MEDIUM,17.0,False,Aston Martin,1,8.0,True,2,Chinese Grand Prix,True,C3,True,0.893,0.91,3.577,3.75,-0.059,-0.06,99.729
0 days 01:09:41.903000,STR,18,99.505,15.0,1.0,,,False,MEDIUM,18.0,False,Aston Martin,1,8.0,True,2,Chinese Grand Prix,True,C3,True,1.422,1.45,4.106,4.304,0.363,0.366,100.316
0 days 01:11:20.581000,STR,18,98.678,16.0,1.0,,,False,MEDIUM,19.0,False,Aston Martin,1,8.0,True,2,Chinese Grand Prix,True,C3,True,0.595,0.607,3.279,3.437,-0.256,-0.259,99.54599999999999
0 days 01:13:00.644000,STR,18,100.063,17.0,1.0,,,False,MEDIUM,20.0,False,Aston Martin,1,9.0,True,2,Chinese Grand Prix,True,C3,True,1.98,2.019,4.664,4.889,0.836,0.843,100.989
0 days 01:14:39.710000,STR,18,99.066,18.0,1.0,,,False,MEDIUM,21.0,False,Aston Martin,1,9.0,True,2,Chinese Grand Prix,True,C3,True,0.983,1.002,3.667,3.844,-0.157,-0.158,100.05
0 days 01:16:18.595000,STR,18,98.885,19.0,1.0,,,False,MEDIUM,22.0,False,Aston Martin,1,9.0,True,2,Chinese Grand Prix,True,C3,True,0.802,0.818,3.486,3.654,-0.282,-0.284,99.927
0 days 00:46:57.003000,ALO,14,,1.0,1.0,,,False,MEDIUM,4.0,False,Aston Martin,1,10.0,False,2,Chinese Grand Prix,True,C3,False,,,,,,,
0 days 00:48:34.299000,ALO,14,97.296,2.0,1.0,,,True,MEDIUM,5.0,False,Aston Martin,1,10.0,True,2,Chinese Grand Prix,True,C3,True,-0.787,-0.802,1.897,1.988,-0.124,-0.127,97.35400000000001
0 days 00:50:11.804000,ALO,14,97.505,3.0,1.0,,,False,MEDIUM,6.0,False,Aston Martin,1,10.0,True,2,Chinese Grand Prix,True,C3,True,-0.578,-0.589,2.106,2.208,0.387,0.398,97.621
0 days 00:51:49.277000,ALO,14,97.473,4.0,1.0,,,False,MEDIUM,7.0,False,Aston Martin,1,10.0,True,2,Chinese Grand Prix,True,C3,True,-0.61,-0.622,2.074,2.174,0.538,0.555,97.647
0 days 00:53:26.880000,ALO,14,97.603,5.0,1.0,,,False,MEDIUM,8.0,False,Aston Martin,1,10.0,True,2,Chinese Grand Prix,True,C3,True,-0.48,-0.489,2.204,2.31,0.017,0.017,97.835
0 days 00:55:04.503000,ALO,14,97.623,6.0,1.0,,,False,MEDIUM,9.0,False,Aston Martin,1,10.0,True,2,Chinese Grand Prix,True,C3,True,-0.46,-0.469,2.224,2.331,0.069,0.071,97.912
0 days 00:56:41.772000,ALO,14,97.269,7.0,1.0,,,True,MEDIUM,10.0,False,Aston Martin,1,10.0,True,2,Chinese Grand Prix,True,C3,True,-0.814,-0.83,1.87,1.96,-0.037,-0.038,97.616
0 days 00:58:18.830000,ALO,14,97.058,8.0,1.0,,,True,MEDIUM,11.0,False,Aston Martin,1,10.0,True,2,Chinese Grand Prix,True,C3,True,-1.025,-1.045,1.659,1.739,-0.516,-0.529,97.46300000000001
0 days 00:59:56.476000,ALO,14,97.646,9.0,1.0,,,False,MEDIUM,12.0,False,Aston Martin,1,10.0,True,2,Chinese Grand Prix,True,C3,True,-0.437,-0.446,2.247,2.355,-0.48,-0.489,98.109
0 days 01:01:34.517000,ALO,14,98.041,10.0,1.0,,,False,MEDIUM,13.0,False,Aston Martin,1,10.0,True,2,Chinese Grand Prix,True,C3,True,-0.042,-0.043,2.642,2.769,-0.087,-0.089,98.562
0 days 01:03:12.901000,ALO,14,98.384,11.0,1.0,,,False,MEDIUM,14.0,False,Aston Martin,1,10.0,True,2,Chinese Grand Prix,True,C3,True,0.301,0.307,2.985,3.129,0.118,0.12,98.963
0 days 01:04:51.787000,ALO,14,98.886,12.0,1.0,,,False,MEDIUM,15.0,False,Aston Martin,1,10.0,True,2,Chinese Grand Prix,True,C3,True,0.803,0.819,3.487,3.655,0.56,0.57,99.523
0 days 01:06:31.016000,ALO,14,99.229,13.0,1.0,,,False,MEDIUM,16.0,False,Aston Martin,1,10.0,True,2,Chinese Grand Prix,True,C3,True,1.146,1.168,3.83,4.015,0.645,0.654,99.92399999999999
0 days 01:08:10.618000,ALO,14,99.602,14.0,1.0,,,False,MEDIUM,17.0,False,Aston Martin,1,10.0,True,2,Chinese Grand Prix,True,C3,True,1.519,1.549,4.203,4.406,0.567,0.573,100.355
0 days 01:09:50.994000,ALO,14,100.376,15.0,1.0,,,False,MEDIUM,18.0,False,Aston Martin,1,10.0,True,2,Chinese Grand Prix,True,C3,True,2.293,2.338,4.977,5.217,1.234,1.245,101.18700000000001
0 days 01:11:31.053000,ALO,14,100.059,16.0,1.0,,,False,MEDIUM,19.0,False,Aston Martin,1,10.0,True,2,Chinese Grand Prix,True,C3,True,1.976,2.015,4.66,4.885,1.125,1.137,100.92699999999999
0 days 01:13:11.125000,ALO,14,100.072,17.0,1.0,,,False,MEDIUM,20.0,False,Aston Martin,1,10.0,True,2,Chinese Grand Prix,True,C3,True,1.989,2.028,4.673,4.898,0.845,0.852,100.998
0 days 01:14:51.030000,ALO,14,99.905,18.0,1.0,,,False,MEDIUM,21.0,False,Aston Martin,1,10.0,True,2,Chinese Grand Prix,True,C3,True,1.822,1.858,4.506,4.723,0.682,0.687,100.889
0 days 01:16:31.897000,ALO,14,100.867,19.0,1.0,,,False,MEDIUM,22.0,False,Aston Martin,1,10.0,True,2,Chinese Grand Prix,True,C3,True,2.784,2.838,5.468,5.732,1.7,1.714,101.909
0 days 00:46:57.798000,BEA,87,,1.0,1.0,,,False,MEDIUM,4.0,False,Haas F1 Team,1,12.0,False,2,Chinese Grand Prix,True,C3,False,,,,,,,
0 days 00:48:35.634000,BEA,87,97.836,2.0,1.0,,,True,MEDIUM,5.0,False,Haas F1 Team,1,12.0,True,2,Chinese Grand Prix,True,C3,True,-0.247,-0.252,2.437,2.555,0.416,0.427,97.894
0 days 00:50:12.769000,BEA,87,97.135,3.0,1.0,,,True,MEDIUM,6.0,False,Haas F1 Team,1,12.0,True,2,Chinese Grand Prix,True,C3,True,-0.948,-0.967,1.736,1.82,0.017,0.018,97.251
0 days 00:51:50.728000,BEA,87,97.959,4.0,1.0,,,False,MEDIUM,7.0,False,Haas F1 Team,1,12.0,True,2,Chinese Grand Prix,True,C3,True,-0.124,-0.126,2.56,2.683,1.024,1.056,98.13300000000001
0 days 00:53:28.422000,BEA,87,97.694,5.0,1.0,,,False,MEDIUM,8.0,False,Haas F1 Team,1,12.0,True,2,Chinese Grand Prix,True,C3,True,-0.389,-0.397,2.295,2.406,0.108,0.111,97.926
0 days 00:55:06.315000,BEA,87,97.893,6.0,1.0,,,False,MEDIUM,9.0,False,Haas F1 Team,1,12.0,True,2,Chinese Grand Prix,True,C3,True,-0.19,-0.194,2.494,2.614,0.339,0.347,98.182
0 days 00:56:44.054000,BEA,87,97.739,7.0,1.0,,,False,MEDIUM,10.0,False,Haas F1 Team,1,12.0,True,2,Chinese Grand Prix,True,C3,True,-0.344,-0.351,2.34,2.453,0.433,0.445,98.086
0 days 00:58:22.291000,BEA,87,98.237,8.0,1.0,,,False,MEDIUM,11.0,False,Haas F1 Team,1,12.0,True,2,Chinese Grand Prix,True,C3,True,0.154,0.157,2.838,2.975,0.663,0.679,98.642
0 days 01:00:00.661000,BEA,87,98.37,9.0,1.0,,,False,MEDIUM,12.0,False,Haas F1 Team,1,12.0,True,2,Chinese Grand Prix,True,C3,True,0.287,0.293,2.971,3.114,0.244,0.249,98.833
0 days 01:01:38.974000,BEA,87,98.313,10.0,1.0,,,False,MEDIUM,13.0,False,Haas F1 Team,1,12.0,True,2,Chinese Grand Prix,True,C3,True,0.23,0.234,2.914,3.055,0.185,0.189,98.834
0 days 01:03:17.334000,BEA,87,98.36,11.0,1.0,,,False,MEDIUM,14.0,False,Haas F1 Team,1,12.0,True,2,Chinese Grand Prix,True,C3,True,0.277,0.282,2.961,3.104,0.094,0.096,98.939
0 days 01:04:56.357000,BEA,87,99.023,12.0,1.0,,,False,MEDIUM,15.0,False,Haas F1 Team,1,12.0,True,2,Chinese Grand Prix,True,C3,True,0.94,0.958,3.624,3.799,0.697,0.709,99.66
0 days 01:06:35.413000,BEA,87,99.056,13.0,1.0,,,False,MEDIUM,16.0,False,Haas F1 Team,1,12.0,True,2,Chinese Grand Prix,True,C3,True,0.973,0.992,3.657,3.833,0.472,0.479,99.75099999999999
0 days 01:08:15.542000,BEA,87,100.129,14.0,1.0,,,False,MEDIUM,17.0,False,Haas F1 Team,1,12.0,True,2,Chinese Grand Prix,True,C3,True,2.046,2.086,4.73,4.958,1.094,1.105,100.882
0 days 01:09:56.064000,BEA,87,100.522,15.0,1.0,,,False,MEDIUM,18.0,False,Haas F1 Team,1,12.0,True,2,Chinese Grand Prix,True,C3,True,2.439,2.487,5.123,5.37,1.38,1.392,101.33300000000001
0 days 01:11:36.278000,BEA,87,100.214,16.0,1.0,,,False,MEDIUM,19.0,False,Haas F1 Team,1,12.0,True,2,Chinese Grand Prix,True,C3,True,2.131,2.173,4.815,5.047,1.28,1.294,101.082
0 days 01:13:17.593000,BEA,87,101.315,17.0,1.0,,,False,MEDIUM,20.0,False,Haas F1 Team,1,13.0,True,2,Chinese Grand Prix,True,C3,True,3.232,3.295,5.916,6.201,2.088,2.104,102.241
0 days 01:14:58.104000,BEA,87,100.511,18.0,1.0,,,False,MEDIUM,21.0,False,Haas F1 Team,1,14.0,True,2,Chinese Grand Prix,True,C3,True,2.428,2.475,5.112,5.359,1.288,1.298,101.49499999999999
0 days 01:16:39.328000,BEA,87,101.224,19.0,1.0,,,False,MEDIUM,22.0,False,Haas F1 Team,1,15.0,True,2,Chinese Grand Prix,True,C3,True,3.141,3.202,5.825,6.106,2.057,2.074,102.266
0 days 00:46:58.325000,SAI,55,,1.0,1.0,,,False,MEDIUM,5.0,False,Williams,1,13.0,False,2,Chinese Grand Prix,True,C3,False,,,,,,,
0 days 00:48:36.347000,SAI,55,98.022,2.0,1.0,,,True,MEDIUM,6.0,False,Williams,1,13.0,True,2,Chinese Grand Prix,True,C3,True,-0.061,-0.062,2.623,2.75,0.602,0.618,98.08000000000001
0 days 00:50:13.649000,SAI,55,97.302,3.0,1.0,,,True,MEDIUM,7.0,False,Williams,1,13.0,True,2,Chinese Grand Prix,True,C3,True,-0.781,-0.796,1.903,1.995,0.184,0.189,97.418
0 days 00:51:51.354000,SAI,55,97.705,4.0,1.0,,,False,MEDIUM,8.0,False,Williams,1,13.0,True,2,Chinese Grand Prix,True,C3,True,-0.378,-0.385,2.306,2.417,0.77,0.794,97.879
0 days 00:53:29.157000,SAI,55,97.803,5.0,1.0,,,False,MEDIUM,9.0,False,Williams,1,13.0,True,2,Chinese Grand Prix,True,C3,True,-0.28,-0.285,2.404,2.52,0.217,0.222,98.035
0 days 00:55:07.042000,SAI,55,97.885,6.0,1.0,,,False,MEDIUM,10.0,False,Williams,1,13.0,True,2,Chinese Grand Prix,True,C3,True,-0.198,-0.202,2.486,2.606,0.331,0.339,98.174
0 days 00:56:44.985000,SAI,55,97.943,7.0,1.0,,,False,MEDIUM,11.0,False,Williams,1,13.0,True,2,Chinese Grand Prix,True,C3,True,-0.14,-0.143,2.544,2.667,0.637,0.655,98.28999999999999
0 days 00:58:23.375000,SAI,55,98.39,8.0,1.0,,,False,MEDIUM,12.0,False,Williams,1,13.0,True,2,Chinese Grand Prix,True,C3,True,0.307,0.313,2.991,3.135,0.816,0.836,98.795
0 days 01:00:02.724000,SAI,55,99.349,9.0,1.0,,,False,MEDIUM,13.0,False,Williams,1,13.0,True,2,Chinese Grand Prix,True,C3,True,1.266,1.291,3.95,4.141,1.223,1.246,99.812
0 days 01:01:42.475000,SAI,55,99.751,10.0,1.0,,,False,MEDIUM,14.0,False,Williams,1,14.0,True,2,Chinese Grand Prix,True,C3,True,1.668,1.701,4.352,4.562,1.623,1.654,100.272
0 days 01:03:28.675000,SAI,55,106.2,11.0,1.0,,0 days 01:03:26.879000,False,MEDIUM,15.0,False,Williams,1,20.0,False,2,Chinese Grand Prix,True,C3,False,8.117,8.276,10.801,11.322,7.934,8.074,106.779
0 days 01:05:23.032000,SAI,55,114.357,12.0,2.0,0 days 01:03:49.392000,,False,MEDIUM,7.0,False,Williams,1,20.0,False,2,Chinese Grand Prix,True,C3,False,16.274,16.592,18.958,19.872,16.031,16.304,114.994
0 days 01:06:58.851000,SAI,55,95.819,13.0,2.0,,,True,MEDIUM,8.0,False,Williams,1,20.0,True,2,Chinese Grand Prix,True,C3,True,-2.264,-2.308,0.42,0.44,-2.765,-2.805,96.514
0 days 01:08:35.453000,SAI,55,96.602,14.0,2.0,,,False,MEDIUM,9.0,False,Williams,1,20.0,True,2,Chinese Grand Prix,True,C3,True,-1.481,-1.51,1.203,1.261,-2.433,-2.457,97.355
0 days 01:10:12.808000,SAI,55,97.355,15.0,2.0,,,False,MEDIUM,10.0,False,Williams,1,20.0,True,2,Chinese Grand Prix,True,C3,True,-0.728,-0.742,1.956,2.05,-1.787,-1.802,98.16600000000001
0 days 01:11:50.117000,SAI,55,97.309,16.0,2.0,,,False,MEDIUM,11.0,False,Williams,1,20.0,True,2,Chinese Grand Prix,True,C3,True,-0.774,-0.789,1.91,2.002,-1.625,-1.643,98.17699999999999
0 days 01:13:27.959000,SAI,55,97.842,17.0,2.0,,,False,MEDIUM,12.0,False,Williams,1,20.0,True,2,Chinese Grand Prix,True,C3,True,-0.241,-0.246,2.443,2.561,-1.385,-1.396,98.768
0 days 01:15:05.634000,SAI,55,97.675,18.0,2.0,,,False,MEDIUM,13.0,False,Williams,1,20.0,True,2,Chinese Grand Prix,True,C3,True,-0.408,-0.416,2.276,2.386,-1.548,-1.56,98.65899999999999
0 days 01:16:45.055000,SAI,55,99.421,19.0,2.0,,,False,MEDIUM,14.0,False,Williams,1,17.0,True,2,Chinese Grand Prix,True,C3,True,1.338,1.364,4.022,4.216,0.254,0.256,100.46300000000001
0 days 00:46:59.152000,BOR,5,,1.0,1.0,,,False,MEDIUM,7.0,False,Kick Sauber,1,15.0,False,2,Chinese Grand Prix,True,C3,False,,,,,,,
0 days 00:48:37.282000,BOR,5,98.13,2.0,1.0,,,True,MEDIUM,8.0,False,Kick Sauber,1,15.0,True,2,Chinese Grand Prix,True,C3,True,0.047,0.048,2.731,2.863,0.71,0.729,98.188
0 days 00:50:14.757000,BOR,5,97.475,3.0,1.0,,,True,MEDIUM,9.0,False,Kick Sauber,1,15.0,True,2,Chinese Grand Prix,True,C3,True,-0.608,-0.62,2.076,2.176,0.357,0.368,97.591
0 days 00:51:52.365000,BOR,5,97.608,4.0,1.0,,,False,MEDIUM,10.0,False,Kick Sauber,1,15.0,True,2,Chinese Grand Prix,True,C3,True,-0.475,-0.484,2.209,2.316,0.673,0.694,97.78200000000001
0 days 00:53:30.328000,BOR,5,97.963,5.0,1.0,,,False,MEDIUM,11.0,False,Kick Sauber,1,15.0,True,2,Chinese Grand Prix,True,C3,True,-0.12,-0.122,2.564,2.688,0.377,0.386,98.195
0 days 00:55:08.229000,BOR,5,97.901,6.0,1.0,,,False,MEDIUM,12.0,False,Kick Sauber,1,15.0,True,2,Chinese Grand Prix,True,C3,True,-0.182,-0.186,2.502,2.623,0.347,0.356,98.19
0 days 00:56:46.851000,BOR,5,98.622,7.0,1.0,,,False,MEDIUM,13.0,False,Kick Sauber,1,16.0,True,2,Chinese Grand Prix,True,C3,True,0.539,0.55,3.223,3.378,1.316,1.352,98.969
0 days 00:58:25.204000,BOR,5,98.353,8.0,1.0,,,False,MEDIUM,14.0,False,Kick Sauber,1,16.0,True,2,Chinese Grand Prix,True,C3,True,0.27,0.275,2.954,3.096,0.779,0.798,98.758
0 days 01:00:04.153000,BOR,5,98.949,9.0,1.0,,,False,MEDIUM,15.0,False,Kick Sauber,1,16.0,True,2,Chinese Grand Prix,True,C3,True,0.866,0.883,3.55,3.721,0.823,0.839,99.41199999999999
0 days 01:01:44.070000,BOR,5,99.917,10.0,1.0,,,False,MEDIUM,16.0,False,Kick Sauber,1,17.0,True,2,Chinese Grand Prix,True,C3,True,1.834,1.87,4.518,4.736,1.789,1.823,100.438
0 days 01:03:23.953000,BOR,5,99.883,11.0,1.0,,,False,MEDIUM,17.0,False,Kick Sauber,1,16.0,True,2,Chinese Grand Prix,True,C3,True,1.8,1.835,4.484,4.7,1.617,1.646,100.46199999999999
0 days 01:05:03.109000,BOR,5,99.156,12.0,1.0,,,False,MEDIUM,18.0,False,Kick Sauber,1,16.0,True,2,Chinese Grand Prix,True,C3,True,1.073,1.094,3.757,3.938,0.83,0.844,99.793
0 days 01:06:42.034000,BOR,5,98.925,13.0,1.0,,,False,MEDIUM,19.0,False,Kick Sauber,1,16.0,True,2,Chinese Grand Prix,True,C3,True,0.842,0.858,3.526,3.696,0.341,0.346,99.61999999999999
0 days 01:08:21.224000,BOR,5,99.19,14.0,1.0,,,False,MEDIUM,20.0,False,Kick Sauber,1,16.0,True,2,Chinese Grand Prix,True,C3,True,1.107,1.129,3.791,3.974,0.155,0.157,99.943
0 days 01:10:00.755000,BOR,5,99.531,15.0,1.0,,,False,MEDIUM,21.0,False,Kick Sauber,1,16.0,True,2,Chinese Grand Prix,True,C3,True,1.448,1.476,4.132,4.331,0.389,0.392,100.34200000000001
0 days 01:11:39.881000,BOR,5,99.126,16.0,1.0,,,False,MEDIUM,22.0,False,Kick Sauber,1,16.0,True,2,Chinese Grand Prix,True,C3,True,1.043,1.063,3.727,3.907,0.192,0.194,99.994
0 days 01:13:19.683000,BOR,5,99.802,17.0,1.0,,,False,MEDIUM,23.0,False,Kick Sauber,1,16.0,True,2,Chinese Grand Prix,True,C3,True,1.719,1.753,4.403,4.615,0.575,0.579,100.72800000000001
0 days 01:14:59.325000,BOR,5,99.642,18.0,1.0,,,False,MEDIUM,24.0,False,Kick Sauber,1,16.0,True,2,Chinese Grand Prix,True,C3,True,1.559,1.589,4.243,4.448,0.419,0.422,100.62599999999999
0 days 01:16:47.619000,BOR,5,108.294,19.0,1.0,,,False,MEDIUM,25.0,False,Kick Sauber,12,18.0,True,2,Chinese Grand Prix,True,C3,False,10.211,10.411,12.895,13.517,9.127,9.204,109.336
0 days 00:46:59.677000,HAD,6,,1.0,1.0,,,False,MEDIUM,3.0,False,Racing Bulls,1,16.0,False,2,Chinese Grand Prix,True,C3,False,,,,,,,
0 days 00:48:37.816000,HAD,6,98.139,2.0,1.0,,,True,MEDIUM,4.0,False,Racing Bulls,1,16.0,True,2,Chinese Grand Prix,True,C3,True,0.056,0.057,2.74,2.872,0.719,0.738,98.197
0 days 00:50:15.365000,HAD,6,97.549,3.0,1.0,,,True,MEDIUM,5.0,False,Racing Bulls,1,16.0,True,2,Chinese Grand Prix,True,C3,True,-0.534,-0.544,2.15,2.254,0.431,0.444,97.665
0 days 00:51:52.950000,HAD,6,97.585,4.0,1.0,,,False,MEDIUM,6.0,False,Racing Bulls,1,16.0,True,2,Chinese Grand Prix,True,C3,True,-0.498,-0.508,2.186,2.291,0.65,0.671,97.759
0 days 00:53:30.865000,HAD,6,97.915,5.0,1.0,,,False,MEDIUM,7.0,False,Racing Bulls,1,16.0,True,2,Chinese Grand Prix,True,C3,True,-0.168,-0.171,2.516,2.637,0.329,0.337,98.147
0 days 00:55:08.780000,HAD,6,97.915,6.0,1.0,,,False,MEDIUM,8.0,False,Racing Bulls,1,16.0,True,2,Chinese Grand Prix,True,C3,True,-0.168,-0.171,2.516,2.637,0.361,0.37,98.20400000000001
0 days 00:56:46.511000,HAD,6,97.731,7.0,1.0,,,False,MEDIUM,9.0,False,Racing Bulls,1,15.0,True,2,Chinese Grand Prix,True,C3,True,-0.352,-0.359,2.332,2.444,0.425,0.437,98.07799999999999
0 days 00:58:24.658000,HAD,6,98.147,8.0,1.0,,,False,MEDIUM,10.0,False,Racing Bulls,1,15.0,True,2,Chinese Grand Prix,True,C3,True,0.064,0.065,2.748,2.881,0.573,0.587,98.552
0 days 01:00:03.512000,HAD,6,98.854,9.0,1.0,,,False,MEDIUM,11.0,False,Racing Bulls,1,14.0,True,2,Chinese Grand Prix,True,C3,True,0.771,0.786,3.455,3.622,0.728,0.742,99.317
0 days 01:01:42.757000,HAD,6,99.245,10.0,1.0,,,False,MEDIUM,12.0,False,Racing Bulls,1,15.0,True,2,Chinese Grand Prix,True,C3,True,1.162,1.185,3.846,4.031,1.117,1.138,99.766
0 days 01:03:22.556000,HAD,6,99.799,11.0,1.0,,,False,MEDIUM,13.0,False,Racing Bulls,1,14.0,True,2,Chinese Grand Prix,True,C3,True,1.716,1.75,4.4,4.612,1.533,1.56,100.378
0 days 01:05:00.929000,HAD,6,98.373,12.0,1.0,,,False,MEDIUM,14.0,False,Racing Bulls,1,14.0,True,2,Chinese Grand Prix,True,C3,True,0.29,0.296,2.974,3.117,0.047,0.048,99.01
0 days 01:06:39.573000,HAD,6,98.644,13.0,1.0,,,False,MEDIUM,15.0,False,Racing Bulls,1,14.0,True,2,Chinese Grand Prix,True,C3,True,0.561,0.572,3.245,3.402,0.06,0.061,99.339
0 days 01:08:18.667000,HAD,6,99.094,14.0,1.0,,,False,MEDIUM,16.0,False,Racing Bulls,1,14.0,True,2,Chinese Grand Prix,True,C3,True,1.011,1.031,3.695,3.873,0.059,0.06,99.847
0 days 01:09:57.810000,HAD,6,99.143,15.0,1.0,,,False,MEDIUM,17.0,False,Racing Bulls,1,14.0,True,2,Chinese Grand Prix,True,C3,True,1.06,1.081,3.744,3.925,0.001,0.001,99.95400000000001
0 days 01:11:37.344000,HAD,6,99.534,16.0,1.0,,,False,MEDIUM,18.0,False,Racing Bulls,1,14.0,True,2,Chinese Grand Prix,True,C3,True,1.451,1.479,4.135,4.334,0.6,0.606,100.402
0 days 01:13:18.071000,HAD,6,100.727,17.0,1.0,,,False,MEDIUM,19.0,False,Racing Bulls,1,14.0,True,2,Chinese Grand Prix,True,C3,True,2.644,2.696,5.328,5.585,1.5,1.512,101.653
0 days 01:14:57.603000,HAD,6,99.532,18.0,1.0,,,False,MEDIUM,20.0,False,Racing Bulls,1,13.0,True,2,Chinese Grand Prix,True,C3,True,1.449,1.477,4.133,4.332,0.309,0.311,100.51599999999999
0 days 01:16:36.079000,HAD,6,98.476,19.0,1.0,,,False,MEDIUM,21.0,False,Racing Bulls,1,13.0,True,2,Chinese Grand Prix,True,C3,True,0.393,0.401,3.077,3.225,-0.691,-0.697,99.518
0 days 00:47:00.538000,DOO,7,,1.0,1.0,,,False,MEDIUM,7.0,False,Alpine,1,18.0,False,2,Chinese Grand Prix,True,C3,False,,,,,,,
0 days 00:48:38.874000,DOO,7,98.336,2.0,1.0,,,True,MEDIUM,8.0,False,Alpine,1,18.0,True,2,Chinese Grand Prix,True,C3,True,0.253,0.258,2.937,3.079,0.916,0.94,98.394
0 days 00:50:16.560000,DOO,7,97.686,3.0,1.0,,,True,MEDIUM,9.0,False,Alpine,1,18.0,True,2,Chinese Grand Prix,True,C3,True,-0.397,-0.405,2.287,2.397,0.568,0.585,97.802
0 days 00:51:54.661000,DOO,7,98.101,4.0,1.0,,,False,MEDIUM,10.0,False,Alpine,1,19.0,True,2,Chinese Grand Prix,True,C3,True,0.018,0.018,2.702,2.832,1.166,1.203,98.275
0 days 00:53:32.541000,DOO,7,97.88,5.0,1.0,,,False,MEDIUM,11.0,False,Alpine,1,19.0,True,2,Chinese Grand Prix,True,C3,True,-0.203,-0.207,2.481,2.601,0.294,0.301,98.112
0 days 00:55:10.344000,DOO,7,97.803,6.0,1.0,,,False,MEDIUM,12.0,False,Alpine,1,19.0,True,2,Chinese Grand Prix,True,C3,True,-0.28,-0.285,2.404,2.52,0.249,0.255,98.092
0 days 00:56:48.580000,DOO,7,98.236,7.0,1.0,,,False,MEDIUM,13.0,False,Alpine,1,19.0,True,2,Chinese Grand Prix,True,C3,True,0.153,0.156,2.837,2.974,0.93,0.956,98.583
0 days 00:58:26.999000,DOO,7,98.419,8.0,1.0,,,False,MEDIUM,14.0,False,Alpine,1,19.0,True,2,Chinese Grand Prix,True,C3,True,0.336,0.343,3.02,3.166,0.845,0.866,98.824
0 days 01:00:05.448000,DOO,7,98.449,9.0,1.0,,,False,MEDIUM,15.0,False,Alpine,1,19.0,True,2,Chinese Grand Prix,True,C3,True,0.366,0.373,3.05,3.197,0.323,0.329,98.91199999999999
0 days 01:01:44.789000,DOO,7,99.341,10.0,1.0,,,False,MEDIUM,16.0,False,Alpine,1,19.0,True,2,Chinese Grand Prix,True,C3,True,1.258,1.283,3.942,4.132,1.213,1.236,99.862
0 days 01:03:24.893000,DOO,7,100.104,11.0,1.0,,,False,MEDIUM,17.0,False,Alpine,1,18.0,True,2,Chinese Grand Prix,True,C3,True,2.021,2.06,4.705,4.932,1.838,1.87,100.68299999999999
0 days 01:05:04.472000,DOO,7,99.579,12.0,1.0,,,False,MEDIUM,18.0,False,Alpine,1,18.0,True,2,Chinese Grand Prix,True,C3,True,1.496,1.525,4.18,4.382,1.253,1.274,100.216
0 days 01:06:43.987000,DOO,7,99.515,13.0,1.0,,,False,MEDIUM,19.0,False,Alpine,1,18.0,True,2,Chinese Grand Prix,True,C3,True,1.432,1.46,4.116,4.315,0.931,0.944,100.21
0 days 01:08:23.939000,DOO,7,99.952,14.0,1.0,,,False,MEDIUM,20.0,False,Alpine,1,18.0,True,2,Chinese Grand Prix,True,C3,True,1.869,1.906,4.553,4.773,0.917,0.926,100.705
0 days 01:10:04.743000,DOO,7,100.804,15.0,1.0,,,False,MEDIUM,21.0,False,Alpine,1,19.0,True,2,Chinese Grand Prix,True,C3,True,2.721,2.774,5.405,5.666,1.662,1.676,101.61500000000001
0 days 01:11:43.352000,DOO,7,98.609,16.0,1.0,,,False,MEDIUM,22.0,False,Alpine,1,19.0,True,2,Chinese Grand Prix,True,C3,True,0.526,0.536,3.21,3.365,-0.325,-0.329,99.47699999999999
0 days 01:13:21.997000,DOO,7,98.645,17.0,1.0,,,False,MEDIUM,23.0,False,Alpine,1,19.0,True,2,Chinese Grand Prix,True,C3,True,0.562,0.573,3.246,3.403,-0.582,-0.587,99.571
0 days 01:15:01.655000,DOO,7,99.658,18.0,1.0,,,False,MEDIUM,24.0,False,Alpine,1,18.0,True,2,Chinese Grand Prix,True,C3,True,1.575,1.606,4.259,4.464,0.435,0.438,100.642
0 days 01:16:53.891000,DOO,7,112.236,19.0,1.0,,,False,MEDIUM,25.0,False,Alpine,12,20.0,True,2,Chinese Grand Prix,True,C3,False,14.153,14.43,16.837,17.649,13.069,13.179,113.278
0 days 00:46:58.756000,GAS,10,,1.0,1.0,,,False,MEDIUM,7.0,False,Alpine,1,14.0,False,2,Chinese Grand Prix,True,C3,False,,,,,,,
0 days 00:48:36.775000,GAS,10,98.019,2.0,1.0,,,True,MEDIUM,8.0,False,Alpine,1,14.0,True,2,Chinese Grand Prix,True,C3,True,-0.064,-0.065,2.62,2.746,0.599,0.615,98.07700000000001
0 days 00:50:14.256000,GAS,10,97.481,3.0,1.0,,,True,MEDIUM,9.0,False,Alpine,1,14.0,True,2,Chinese Grand Prix,True,C3,True,-0.602,-0.614,2.082,2.182,0.363,0.374,97.597
0 days 00:51:51.953000,GAS,10,97.697,4.0,1.0,,,False,MEDIUM,10.0,False,Alpine,1,14.0,True,2,Chinese Grand Prix,True,C3,True,-0.386,-0.394,2.298,2.409,0.762,0.786,97.87100000000001
0 days 00:53:29.791000,GAS,10,97.838,5.0,1.0,,,False,MEDIUM,11.0,False,Alpine,1,14.0,True,2,Chinese Grand Prix,True,C3,True,-0.245,-0.25,2.439,2.557,0.252,0.258,98.07
0 days 00:55:07.696000,GAS,10,97.905,6.0,1.0,,,False,MEDIUM,12.0,False,Alpine,1,14.0,True,2,Chinese Grand Prix,True,C3,True,-0.178,-0.181,2.506,2.627,0.351,0.36,98.194
0 days 00:56:45.593000,GAS,10,97.897,7.0,1.0,,,False,MEDIUM,13.0,False,Alpine,1,14.0,True,2,Chinese Grand Prix,True,C3,True,-0.186,-0.19,2.498,2.618,0.591,0.607,98.244
0 days 00:58:24.262000,GAS,10,98.669,8.0,1.0,,,False,MEDIUM,14.0,False,Alpine,1,14.0,True,2,Chinese Grand Prix,True,C3,True,0.586,0.597,3.27,3.428,1.095,1.122,99.074
0 days 01:00:03.731000,GAS,10,99.469,9.0,1.0,,,False,MEDIUM,15.0,False,Alpine,1,15.0,True,2,Chinese Grand Prix,True,C3,True,1.386,1.413,4.07,4.266,1.343,1.369,99.93199999999999
0 days 01:01:41.947000,GAS,10,98.216,10.0,1.0,,,False,MEDIUM,16.0,False,Alpine,1,13.0,True,2,Chinese Grand Prix,True,C3,True,0.133,0.136,2.817,2.953,0.088,0.09,98.737
0 days 01:03:20.808000,GAS,10,98.861,11.0,1.0,,,False,MEDIUM,17.0,False,Alpine,1,13.0,True,2,Chinese Grand Prix,True,C3,True,0.778,0.793,3.462,3.629,0.595,0.605,99.44
0 days 01:04:59.720000,GAS,10,98.912,12.0,1.0,,,False,MEDIUM,18.0,False,Alpine,1,13.0,True,2,Chinese Grand Prix,True,C3,True,0.829,0.845,3.513,3.682,0.586,0.596,99.549
0 days 01:06:39.099000,GAS,10,99.379,13.0,1.0,,,False,MEDIUM,19.0,False,Alpine,1,13.0,True,2,Chinese Grand Prix,True,C3,True,1.296,1.321,3.98,4.172,0.795,0.806,100.074
0 days 01:08:18.283000,GAS,10,99.184,14.0,1.0,,,False,MEDIUM,20.0,False,Alpine,1,13.0,True,2,Chinese Grand Prix,True,C3,True,1.101,1.123,3.785,3.968,0.149,0.15,99.937
0 days 01:09:57.126000,GAS,10,98.843,15.0,1.0,,,False,MEDIUM,21.0,False,Alpine,1,13.0,True,2,Chinese Grand Prix,True,C3,True,0.76,0.775,3.444,3.61,-0.299,-0.302,99.65400000000001
0 days 01:11:36.771000,GAS,10,99.645,16.0,1.0,,,False,MEDIUM,22.0,False,Alpine,1,13.0,True,2,Chinese Grand Prix,True,C3,True,1.562,1.593,4.246,4.451,0.711,0.719,100.51299999999999
0 days 01:13:15.947000,GAS,10,99.176,17.0,1.0,,,False,MEDIUM,23.0,False,Alpine,1,12.0,True,2,Chinese Grand Prix,True,C3,True,1.093,1.114,3.777,3.959,-0.051,-0.051,100.102
0 days 01:14:54.303000,GAS,10,98.356,18.0,1.0,,,False,MEDIUM,24.0,False,Alpine,1,12.0,True,2,Chinese Grand Prix,True,C3,True,0.273,0.278,2.957,3.1,-0.867,-0.874,99.33999999999999
0 days 01:16:33.328000,GAS,10,99.025,19.0,1.0,,,False,MEDIUM,25.0,False,Alpine,1,12.0,True,2,Chinese Grand Prix,True,C3,True,0.942,0.96,3.626,3.801,-0.142,-0.143,100.06700000000001
0 days 00:47:00.044000,OCO,31,,1.0,1.0,,,False,MEDIUM,7.0,False,Haas F1 Team,1,17.0,False,2,Chinese Grand Prix,True,C3,False,,,,,,,
0 days 00:48:38.334000,OCO,31,98.29,2.0,1.0,,,True,MEDIUM,8.0,False,Haas F1 Team,1,17.0,True,2,Chinese Grand Prix,True,C3,True,0.207,0.211,2.891,3.03,0.87,0.893,98.34800000000001
0 days 00:50:15.888000,OCO,31,97.554,3.0,1.0,,,True,MEDIUM,9.0,False,Haas F1 Team,1,17.0,True,2,Chinese Grand Prix,True,C3,True,-0.529,-0.539,2.155,2.259,0.436,0.449,97.67
0 days 00:51:53.520000,OCO,31,97.632,4.0,1.0,,,False,MEDIUM,10.0,False,Haas F1 Team,1,17.0,True,2,Chinese Grand Prix,True,C3,True,-0.451,-0.46,2.233,2.341,0.697,0.719,97.80600000000001
0 days 00:53:31.274000,OCO,31,97.754,5.0,1.0,,,False,MEDIUM,11.0,False,Haas F1 Team,1,17.0,True,2,Chinese Grand Prix,True,C3,True,-0.329,-0.335,2.355,2.469,0.168,0.172,97.986
0 days 00:55:09.853000,OCO,31,98.579,6.0,1.0,,,False,MEDIUM,12.0,False,Haas F1 Team,1,18.0,True,2,Chinese Grand Prix,True,C3,True,0.496,0.506,3.18,3.333,1.025,1.051,98.868
0 days 00:56:48.122000,OCO,31,98.269,7.0,1.0,,,False,MEDIUM,13.0,False,Haas F1 Team,1,18.0,True,2,Chinese Grand Prix,True,C3,True,0.186,0.19,2.87,3.008,0.963,0.99,98.616
0 days 00:58:26.565000,OCO,31,98.443,8.0,1.0,,,False,MEDIUM,14.0,False,Haas F1 Team,1,18.0,True,2,Chinese Grand Prix,True,C3,True,0.36,0.367,3.044,3.191,0.869,0.891,98.848
0 days 01:00:05.079000,OCO,31,98.514,9.0,1.0,,,False,MEDIUM,15.0,False,Haas F1 Team,1,18.0,True,2,Chinese Grand Prix,True,C3,True,0.431,0.439,3.115,3.265,0.388,0.395,98.97699999999999
0 days 01:01:44.472000,OCO,31,99.393,10.0,1.0,,,False,MEDIUM,16.0,False,Haas F1 Team,1,18.0,True,2,Chinese Grand Prix,True,C3,True,1.31,1.336,3.994,4.187,1.265,1.289,99.914
0 days 01:03:24.609000,OCO,31,100.137,11.0,1.0,,,False,MEDIUM,17.0,False,Haas F1 Team,1,17.0,True,2,Chinese Grand Prix,True,C3,True,2.054,2.094,4.738,4.967,1.871,1.904,100.716
0 days 01:05:03.913000,OCO,31,99.304,12.0,1.0,,,False,MEDIUM,18.0,False,Haas F1 Team,1,17.0,True,2,Chinese Grand Prix,True,C3,True,1.221,1.245,3.905,4.093,0.978,0.995,99.941
0 days 01:06:42.784000,OCO,31,98.871,13.0,1.0,,,False,MEDIUM,19.0,False,Haas F1 Team,1,17.0,True,2,Chinese Grand Prix,True,C3,True,0.788,0.803,3.472,3.639,0.287,0.291,99.56599999999999
0 days 01:08:21.964000,OCO,31,99.18,14.0,1.0,,,False,MEDIUM,20.0,False,Haas F1 Team,1,17.0,True,2,Chinese Grand Prix,True,C3,True,1.097,1.118,3.781,3.963,0.145,0.146,99.933
0 days 01:10:01.418000,OCO,31,99.454,15.0,1.0,,,False,MEDIUM,21.0,False,Haas F1 Team,1,17.0,True,2,Chinese Grand Prix,True,C3,True,1.371,1.398,4.055,4.251,0.312,0.315,100.265
0 days 01:11:40.644000,OCO,31,99.226,16.0,1.0,,,False,MEDIUM,22.0,False,Haas F1 Team,1,17.0,True,2,Chinese Grand Prix,True,C3,True,1.143,1.165,3.827,4.012,0.292,0.295,100.094
0 days 01:13:20.209000,OCO,31,99.565,17.0,1.0,,,False,MEDIUM,23.0,False,Haas F1 Team,1,17.0,True,2,Chinese Grand Prix,True,C3,True,1.482,1.511,4.166,4.367,0.338,0.341,100.491
0 days 01:14:59.945000,OCO,31,99.736,18.0,1.0,,,False,MEDIUM,24.0,False,Haas F1 Team,1,17.0,True,2,Chinese Grand Prix,True,C3,True,1.653,1.685,4.337,4.546,0.513,0.517,100.72
0 days 01:16:39.861000,OCO,31,99.916,19.0,1.0,,,False,MEDIUM,25.0,False,Haas F1 Team,1,16.0,True,2,Chinese Grand Prix,True,C3,True,1.833,1.869,4.517,4.735,0.749,0.755,100.958
0 days 00:47:01.152000,LAW,30,,1.0,1.0,,,False,MEDIUM,6.0,False,Red Bull Racing,1,19.0,False,2,Chinese Grand Prix,True,C3,False,,,,,,,
0 days 00:48:39.499000,LAW,30,98.347,2.0,1.0,,,True,MEDIUM,7.0,False,Red Bull Racing,1,19.0,True,2,Chinese Grand Prix,True,C3,True,0.264,0.269,2.948,3.09,0.927,0.952,98.405
0 days 00:50:17.223000,LAW,30,97.724,3.0,1.0,,,True,MEDIUM,8.0,False,Red Bull Racing,1,19.0,True,2,Chinese Grand Prix,True,C3,True,-0.359,-0.366,2.325,2.437,0.606,0.624,97.84
0 days 00:51:54.386000,LAW,30,97.163,4.0,1.0,,,True,MEDIUM,9.0,False,Red Bull Racing,1,18.0,True,2,Chinese Grand Prix,True,C3,True,-0.92,-0.938,1.764,1.849,0.228,0.235,97.337
0 days 00:53:32.015000,LAW,30,97.629,5.0,1.0,,,False,MEDIUM,10.0,False,Red Bull Racing,1,18.0,True,2,Chinese Grand Prix,True,C3,True,-0.454,-0.463,2.23,2.338,0.043,0.044,97.861
0 days 00:55:09.524000,LAW,30,97.509,6.0,1.0,,,False,MEDIUM,11.0,False,Red Bull Racing,1,17.0,True,2,Chinese Grand Prix,True,C3,True,-0.574,-0.585,2.11,2.212,-0.045,-0.046,97.798
0 days 00:56:47.597000,LAW,30,98.073,7.0,1.0,,,False,MEDIUM,12.0,False,Red Bull Racing,1,17.0,True,2,Chinese Grand Prix,True,C3,True,-0.01,-0.01,2.674,2.803,0.767,0.788,98.41999999999999
0 days 00:58:25.710000,LAW,30,98.113,8.0,1.0,,,False,MEDIUM,13.0,False,Red Bull Racing,1,17.0,True,2,Chinese Grand Prix,True,C3,True,0.03,0.031,2.714,2.845,0.539,0.552,98.518
0 days 01:00:04.354000,LAW,30,98.644,9.0,1.0,,,False,MEDIUM,14.0,False,Red Bull Racing,1,17.0,True,2,Chinese Grand Prix,True,C3,True,0.561,0.572,3.245,3.402,0.518,0.528,99.107
0 days 01:01:43.442000,LAW,30,99.088,10.0,1.0,,,False,MEDIUM,15.0,False,Red Bull Racing,1,16.0,True,2,Chinese Grand Prix,True,C3,True,1.005,1.025,3.689,3.867,0.96,0.978,99.609
0 days 01:03:23.185000,LAW,30,99.743,11.0,1.0,,,False,MEDIUM,16.0,False,Red Bull Racing,1,15.0,True,2,Chinese Grand Prix,True,C3,True,1.66,1.692,4.344,4.554,1.477,1.503,100.32199999999999
0 days 01:05:01.692000,LAW,30,98.507,12.0,1.0,,,False,MEDIUM,17.0,False,Red Bull Racing,1,15.0,True,2,Chinese Grand Prix,True,C3,True,0.424,0.432,3.108,3.258,0.181,0.184,99.144
0 days 01:06:40.187000,LAW,30,98.495,13.0,1.0,,,False,MEDIUM,18.0,False,Red Bull Racing,1,15.0,True,2,Chinese Grand Prix,True,C3,True,0.412,0.42,3.096,3.245,-0.089,-0.09,99.19
0 days 01:08:19.588000,LAW,30,99.401,14.0,1.0,,,False,MEDIUM,19.0,False,Red Bull Racing,1,15.0,True,2,Chinese Grand Prix,True,C3,True,1.318,1.344,4.002,4.195,0.366,0.37,100.154
0 days 01:09:58.729000,LAW,30,99.141,15.0,1.0,,,False,MEDIUM,20.0,False,Red Bull Racing,1,15.0,True,2,Chinese Grand Prix,True,C3,True,1.058,1.079,3.742,3.922,-0.001,-0.001,99.95200000000001
0 days 01:11:38.226000,LAW,30,99.497,16.0,1.0,,,False,MEDIUM,21.0,False,Red Bull Racing,1,15.0,True,2,Chinese Grand Prix,True,C3,True,1.414,1.442,4.098,4.296,0.563,0.569,100.365
0 days 01:13:18.525000,LAW,30,100.299,17.0,1.0,,,False,MEDIUM,22.0,False,Red Bull Racing,1,15.0,True,2,Chinese Grand Prix,True,C3,True,2.216,2.259,4.9,5.136,1.072,1.08,101.22500000000001
0 days 01:14:58.420000,LAW,30,99.895,18.0,1.0,,,False,MEDIUM,23.0,False,Red Bull Racing,1,15.0,True,2,Chinese Grand Prix,True,C3,True,1.812,1.847,4.496,4.713,0.672,0.677,100.87899999999999
0 days 01:16:38.583000,LAW,30,100.163,19.0,1.0,,,False,MEDIUM,24.0,False,Red Bull Racing,1,14.0,True,2,Chinese Grand Prix,True,C3,True,2.08,2.121,4.764,4.994,0.996,1.004,101.205
0 days 00:47:02.509000,HUL,27,,1.0,1.0,0 days 00:45:23.777000,,False,MEDIUM,7.0,False,Kick Sauber,1,20.0,False,2,Chinese Grand Prix,True,C3,False,,,,,,,
0 days 00:48:42.042000,HUL,27,99.533,2.0,1.0,,,True,MEDIUM,8.0,False,Kick Sauber,1,20.0,True,2,Chinese Grand Prix,True,C3,True,1.45,1.478,4.134,4.333,2.113,2.169,99.59100000000001
0 days 00:50:18.846000,HUL,27,96.804,3.0,1.0,,,True,MEDIUM,9.0,False,Kick Sauber,1,20.0,True,2,Chinese Grand Prix,True,C3,True,-1.279,-1.304,1.405,1.473,-0.314,-0.323,96.92
0 days 00:51:55.375000,HUL,27,96.529,4.0,1.0,,,True,MEDIUM,10.0,False,Kick Sauber,1,20.0,True,2,Chinese Grand Prix,True,C3,True,-1.554,-1.584,1.13,1.184,-0.406,-0.419,96.703
0 days 00:53:33.136000,HUL,27,97.761,5.0,1.0,,,False,MEDIUM,11.0,False,Kick Sauber,1,20.0,True,2,Chinese Grand Prix,True,C3,True,-0.322,-0.328,2.362,2.476,0.175,0.179,97.993
0 days 00:55:11.104000,HUL,27,97.968,6.0,1.0,,,False,MEDIUM,12.0,False,Kick Sauber,1,20.0,True,2,Chinese Grand Prix,True,C3,True,-0.115,-0.117,2.569,2.693,0.414,0.424,98.257
0 days 00:56:49.597000,HUL,27,98.493,7.0,1.0,,,False,MEDIUM,13.0,False,Kick Sauber,1,20.0,True,2,Chinese Grand Prix,True,C3,True,0.41,0.418,3.094,3.243,1.187,1.22,98.83999999999999
0 days 00:58:27.825000,HUL,27,98.228,8.0,1.0,,,False,MEDIUM,14.0,False,Kick Sauber,1,20.0,True,2,Chinese Grand Prix,True,C3,True,0.145,0.148,2.829,2.965,0.654,0.67,98.633
0 days 01:00:06.376000,HUL,27,98.551,9.0,1.0,,,False,MEDIUM,15.0,False,Kick Sauber,1,20.0,True,2,Chinese Grand Prix,True,C3,True,0.468,0.477,3.152,3.304,0.425,0.433,99.014
0 days 01:01:45.444000,HUL,27,99.068,10.0,1.0,,,False,MEDIUM,16.0,False,Kick Sauber,1,20.0,True,2,Chinese Grand Prix,True,C3,True,0.985,1.004,3.669,3.846,0.94,0.958,99.589
0 days 01:03:25.474000,HUL,27,100.03,11.0,1.0,,,False,MEDIUM,17.0,False,Kick Sauber,1,19.0,True,2,Chinese Grand Prix,True,C3,True,1.947,1.985,4.631,4.854,1.764,1.795,100.609
0 days 01:05:05.279000,HUL,27,99.805,12.0,1.0,,,False,MEDIUM,18.0,False,Kick Sauber,1,19.0,True,2,Chinese Grand Prix,True,C3,True,1.722,1.756,4.406,4.618,1.479,1.504,100.44200000000001
0 days 01:06:44.470000,HUL,27,99.191,13.0,1.0,,,False,MEDIUM,19.0,False,Kick Sauber,1,19.0,True,2,Chinese Grand Prix,True,C3,True,1.108,1.13,3.792,3.975,0.607,0.616,99.886
0 days 01:08:24.337000,HUL,27,99.867,14.0,1.0,,,False,MEDIUM,20.0,False,Kick Sauber,1,19.0,True,2,Chinese Grand Prix,True,C3,True,1.784,1.819,4.468,4.683,0.832,0.84,100.62
0 days 01:10:03.755000,HUL,27,99.418,15.0,1.0,,,False,MEDIUM,21.0,False,Kick Sauber,1,18.0,True,2,Chinese Grand Prix,True,C3,True,1.335,1.361,4.019,4.213,0.276,0.278,100.22900000000001
0 days 01:11:42.352000,HUL,27,98.597,16.0,1.0,,,False,MEDIUM,22.0,False,Kick Sauber,1,18.0,True,2,Chinese Grand Prix,True,C3,True,0.514,0.524,3.198,3.352,-0.337,-0.341,99.46499999999999
0 days 01:13:21.690000,HUL,27,99.338,17.0,1.0,,,False,MEDIUM,23.0,False,Kick Sauber,1,18.0,True,2,Chinese Grand Prix,True,C3,True,1.255,1.28,3.939,4.129,0.111,0.112,100.264
0 days 01:15:03.515000,HUL,27,101.825,18.0,1.0,,,False,MEDIUM,24.0,False,Kick Sauber,1,19.0,True,2,Chinese Grand Prix,True,C3,True,3.742,3.815,6.426,6.736,2.602,2.622,102.809
0 days 01:16:50.361000,HUL,27,106.846,19.0,1.0,,,False,MEDIUM,25.0,False,Kick Sauber,12,19.0,True,2,Chinese Grand Prix,True,C3,False,8.763,8.934,11.447,11.999,7.679,7.744,107.888
